policy_number,proposal_number,agent_id,business_type,sub_business_type,policy_type,risk_start_date,policy_end_date,login,post_year,post_month,source_type,transaction_issue_date,main_product,sub_package_code,max_package_code,gwp,upsell_amnt,proposal_received_date,cover_type,rn_amount,policy_status_code,sum_insured,initial_nol,month,cancel_decline_reason,cancel_decline_date,date_of_issuance,eldest_member_age,mode_of_payment,type_of_cheque,bank_name,receipt_no,receipt_status,cheque_no,transaction_no,underwriting_decision_desc,partner_rm_code,partner_branch_code,auto_renewal_flag,loan_no,account_no,loan_type,smartselect_flag,transaction_date,new_login_date,transaction_issuance_date,master_policy_number,per_mile_rate,business_source_type,initial_premium,benefitgroup_1,add_on_prmm_amnt_1,benefitgroup_2,add_on_prmm_amnt_2,benefitgroup_3,add_on_prmm_amnt_3,benefitgroup_4,add_on_prmm_amnt_4,benefitgroup_5,add_on_prmm_amnt_5,benefitgroup_6,add_on_prmm_amnt_6,benefitgroup_7,add_on_prmm_amnt_7,benefitgroup_8,add_on_prmm_amnt_8,benefitgroup_9,add_on_prmm_amnt_9,benefitgroup_10,add_on_prmm_amnt_10,sp_code,sp_name,product,customer_zone,customer_id,customer_type,payment_frequency,sub_package,branch_code,arm,agent_joining_date,vertical,sub_vertical,parent_bp_name,parent_bp_code,intermediary_category,agent_name,sub_sourcing_location,rm_id,rm_sm_name,eximius_status,tenure,nol,customer_name,process_status_description,partner_branch_name,partner_zone_name,branch_name,zone,src_typ_flg,load_date,run_day,agent_category,customer_city,customer_pin_code,total_gwp,igst_amount,cgst_amount,sgst_amount,ugst_amount,propero_y_flag,payment_ref,customer_gender,customer_dob,emailid,customer_contact_no,customer_pan,customer_address,bank_unique_code,portability_type,group_partner_cif_id,group_partner_branch_code,group_partner_rm_cd,customer_occupation,agent_state,initial_nol_main_member_count,online_offline_type,care_shield_amount,retail_previous_insurer_name,group_previous_insurer_name,previous_policy_number,previous_policy_expiry_date,pcrdate,stp_nstp,future_gwp,ckyc_number,proposal_modification_date,latest_rm_id,latest_rm_nm,run_year,run_month,email
POL-3356886,PROP-99529223,AGT-3198,Portability,Retail,Floater,2025-07-15,2026-07-15,1.0,2025,7,Broker,2025-07-15,Super Topup,PKG-5,MAX-3,21223.8,2925.97,2025-07-04,Base,0.0,ACTIVE,300000,1,7,,,2025-07-15,40,DD,Local,Dhanlaxmi Bank,RCPT-256787,Cleared,234053.0,TXN-9189245417,Approved,RM-80,BR-17,Y,,DVXR1960013389083,,N,2025-07-15,2025-07-04,2025-07-15,,,Direct,21223.8,OPD Care,1500,,,,,,,,,,,,,,,,,,,SP-438,"Saini, Kannan and Sen",Super Topup,North,CUST-617889,Individual,Annual,Gold,BR-46,ARM-3,2022-01-03,Agency,Direct,Dutta Ltd,BP-720,Agent,Harini Mall,Thrissur,RM-16,Harsh Chanda,Standard,1,5,Gunbir Parmer,Issued,Mahbubnagar Branch,West Zone,Varanasi Office,North,Digital,2025-11-24 10:29:49.411250,24,Advisor,Jorhat,618495,25044.08,3820.2800000000025,0.0,0.0,0.0,Y,PAY-75674,Female,1957-01-04,bathvedant@example.com,913164752553,IUPKD4192Y,"50/305, Loyal Marg, Rajpur Sonarpur 376724",HXRRGBQ1,Portability,,,,Television production assistant,Madhya Pradesh,1,Offline,0.0,Kanda-Devi,,,,,STP,21223.8,CKYC-6483366056,2025-07-04,RM-4,Champak Choudhary,2025,7,harsh.kumar@sentra.com
POL-21472420,PROP-91332642,AGT-8472,Portability,Retail,Individual,2025-01-17,2026-01-17,1.0,2025,1,Banca,2025-01-17,Senior Care,PKG-5,MAX-3,37053.73,3122.87,2025-01-09,Comprehensive,0.0,ACTIVE,300000,1,1,,,2025-01-17,22,DD,Outstation,Kotak Mahindra Bank,RCPT-625380,Cleared,66613.0,TXN-5947530309,Approved,RM-100,BR-6,N,,TOQI8018451462704,,Y,2025-01-17,2025-01-09,2025-01-17,,,Direct,37053.73,OPD Care,1500,,,,,,,,,,,,,,,,,,,SP-676,"Gokhale, Tripathi and Cherian",Super Topup,East,CUST-912804,Individual,Annual,Gold,BR-38,ARM-5,2023-05-25,Agency,Direct,"Tripathi, Issac and Dua",BP-129,Agent,Neel Zacharia,Khora ,RM-36,Vrinda Bahl,Standard,1,5,Janani Mohanty,Issued,Howrah Branch,North Zone,Tezpur Office,West,Digital,2025-11-24 10:29:49.412445,24,Advisor,Guwahati,182278,43723.4,6669.669999999998,0.0,0.0,0.0,Y,PAY-21643,Male,1961-08-05,ikakar@example.net,3465787133,JOLOA1509E,"H.No. 051, Khanna Circle, Shivpuri 829973",ZNGDGBG1W10,Portability,,,,"Psychologist, sport and exercise",West Bengal,1,Online,0.0,"Bhagat, Chaudhari and Bhat",,,,,NSTP,37053.73,CKYC-3700855390,2025-01-09,RM-24,Rehaan Gupta,2025,1,harsh.kumar@sentra.com
POL-18814949,PROP-56623995,AGT-3015,Renewal,Retail,Floater,2025-06-07,2026-06-07,1.0,2025,6,Agency,2025-06-07,Group Activ,PKG-1,MAX-1,20505.86,2929.1,2025-05-23,Base,20505.86,ACTIVE,500000,2,6,,,2025-06-07,53,DD,Local,State Bank of India,RCPT-292075,Cleared,485100.0,TXN-3965395580,Approved,RM-100,BR-7,N,,OZRD0801326773602,,N,2025-06-07,2025-05-23,2025-06-07,,,Direct,20505.86,OPD Care,1500,,,,,,,,,,,,,,,,,,,SP-112,Agate-Ramakrishnan,Health Secure,East,CUST-278085,Individual,Annual,Gold,BR-38,ARM-2,2024-08-07,Agency,Direct,Mangal-Sampath,BP-824,Agent,Mohammed Gupta,Bellary,RM-21,Darsh Murthy,Standard,1,1,Chandresh Sood,Issued,Howrah Branch,East Zone,Gaya Office,South,Digital,2025-11-24 10:29:49.413519,24,Advisor,Hindupur,361939,24196.91,3691.0499999999993,0.0,0.0,0.0,Y,PAY-77924,Female,1947-05-27,sainidiya@example.com,915346247510,EINGQ7991I,"542, Mittal Chowk, Begusarai 124118",IJTGGBVN,,,,,"Geneticist, molecular",Mizoram,1,Offline,0.0,,,POL-OLD-146,2025-06-06,,STP,20505.86,CKYC-6393195616,2025-05-23,RM-32,George Sampath,2025,6,harsh.kumar@sentra.com
POL-5917225,PROP-475894,AGT-9081,New Business,Retail,Floater,2025-09-22,2026-09-22,1.0,2025,9,Broker,2025-09-22,Super Topup,PKG-2,MAX-4,48686.64,2513.95,2025-09-18,Comprehensive,0.0,ACTIVE,1000000,2,9,,,2025-09-22,55,Online,Outstation,IDBI Bank,RCPT-808577,Cleared,,TXN-9151800736,Approved,RM-86,BR-28,Y,,IFXO8680112805982,,Y,2025-09-22,2025-09-18,2025-09-22,,,Direct,48686.64,OPD Care,1500,,,,,,,,,,,,,,,,,,,SP-132,Datta-Barman,Senior Care,North,CUST-323232,Individual,Annual,Gold,BR-66,ARM-1,2022-05-09,Agency,Direct,Parmar and Sons,BP-742,Agent,Harshil Pandya,Udupi,RM-33,Warjas Gaba,Standard,1,2,Nitara Bakshi,Issued,Thoothukudi Branch,West Zone,Kulti Office,West,Digital,2025-11-24 10:29:49.418738,24,Advisor,Kozhikode,607337,57450.24,8763.599999999999,0.0,0.0,0.0,Y,PAY-45830,Female,1964-02-15,udantbajwa@example.net,916541458685,LQCGM0142B,"98, Rajan Zila, Rohtak 608835",CVKTGBUHT6T,,,,,Osteopath,Karnataka,1,Offline,0.0,,,,,,STP,48686.64,CKYC-9859764000,2025-09-18,RM-6,Rehaan Salvi,2025,9,harsh.kumar@sentra.com
POL-50888017,PROP-90908075,AGT-7791,Portability,Retail,Individual,2025-07-24,2026-07-24,1.0,2025,7,Agency,2025-07-24,Group Activ,PKG-4,MAX-3,38218.12,3312.97,2025-07-13,Comprehensive,0.0,ACTIVE,1000000,3,7,,,2025-07-24,22,Cheque,Local,State Bank of India,RCPT-645414,Cleared,,TXN-6739255769,Approved,RM-93,BR-4,N,,MRAJ4369957773872,,Y,2025-07-24,2025-07-13,2025-07-24,,,Direct,38218.12,OPD Care,1500,,,,,,,,,,,,,,,,,,,SP-264,"Chad, Mander and Varma",Health Secure,East,CUST-696101,Individual,Annual,Gold,BR-18,ARM-3,2023-06-05,Agency,Direct,Chander-Keer,BP-375,Agent,Umang Issac,Nagpur,RM-38,Yash Soman,Standard,1,1,Tamanna Sachdeva,Issued,Yamunanagar Branch,South Zone,Silchar Office,North,Digital,2025-11-24 10:29:49.419802,24,Advisor,Siliguri,163287,45097.38,6879.259999999995,0.0,0.0,0.0,Y,PAY-6582,Female,1980-01-05,shankiaan@example.com,8895798687,WPORX2774X,"H.No. 71, Keer Road, Thanjavur-812236",WGCNGB0V,Portability,,,,Special effects artist,Manipur,1,Online,0.0,Bhatia-Jhaveri,,,,,NSTP,38218.12,CKYC-7872207630,2025-07-13,RM-41,Anmol Rai,2025,7,harsh.kumar@sentra.com
POL-47212267,PROP-40079111,AGT-3069,New Business,Retail,Group,2025-05-16,2026-05-16,1.0,2025,5,Banca,2025-05-16,Super Topup,PKG-4,MAX-5,19047.73,465.13,2025-05-10,Comprehensive,0.0,ACTIVE,300000,3,5,,,2025-05-16,70,Cheque,Local,Jammu & Kashmir Bank,RCPT-894905,Cleared,,TXN-7884394611,Approved,RM-44,BR-47,N,,RXXR9373467065627,,N,2025-05-16,2025-05-10,2025-05-16,,,Direct,19047.73,OPD Care,1500,,,,,,,,,,,,,,,,,,,SP-934,Walla Inc,Group Activ,East,CUST-950983,Individual,Annual,Gold,BR-55,ARM-3,2022-06-21,Agency,Direct,"Bala, Chacko and Sangha",BP-965,Agent,Triya Gopal,Bhilwara,RM-8,Falak Kakar,Standard,1,1,Eta Nazareth,Issued,Alwar Branch,East Zone,Nizamabad Office,North,Digital,2025-11-24 10:29:49.425182,24,Advisor,Nandyal,805310,22476.32,3428.59,0.0,0.0,0.0,Y,PAY-98858,Female,1946-11-08,ryanbahri@example.net,913271937452,TGLBT9912K,"31/931, Dara Road, Sri Ganganagar-518506",DNLUGB3J1L7,,,,,Geophysicist/field seismologist,Punjab,1,Online,0.0,,,,,,STP,19047.73,CKYC-6371573279,2025-05-10,RM-17,Amrita Naidu,2025,5,harsh.kumar@sentra.com
POL-11631697,PROP-37437115,AGT-8645,New Business,Retail,Floater,2025-09-30,2026-09-30,1.0,2025,9,Digital,2025-09-30,Group Activ,PKG-3,MAX-1,11227.05,4580.61,2025-09-17,Comprehensive,0.0,ACTIVE,300000,1,9,,,2025-09-30,49,Cheque,Outstation,Nainital Bank,RCPT-255709,Cleared,,TXN-7518238399,Approved,RM-91,BR-29,N,,STVM5075273545494,,N,2025-09-30,2025-09-17,2025-09-30,,,Direct,11227.05,OPD Care,1500,,,,,,,,,,,,,,,,,,,SP-524,"Anne, Varughese and Halder",Group Activ,West,CUST-89771,Individual,Annual,Gold,BR-78,ARM-4,2021-11-10,Agency,Direct,Suresh-Khosla,BP-517,Agent,Vritti Sem,Tiruchirappalli,RM-19,Timothy Ravel,Standard,1,3,Damini Pillay,Issued,Begusarai Branch,South Zone,Khandwa Office,East,Digital,2025-11-24 10:29:49.428708,24,Advisor,Nagercoil,444313,13247.92,2020.8700000000008,0.0,0.0,0.0,Y,PAY-41359,Female,1952-06-05,rehaankalita@example.net,4989413435,IRCDJ2408S,"H.No. 094, Srinivas Chowk, Mau-047116",CSUVGBDJJTF,,,,,Fish farm manager,Bihar,1,Online,0.0,,,,,,STP,11227.05,CKYC-2656086594,2025-09-17,RM-47,Shravya Savant,2025,9,harsh.kumar@sentra.com
POL-78990506,PROP-57556566,AGT-8336,Portability,Retail,Individual,2025-03-11,2026-03-11,1.0,2025,3,Broker,2025-03-11,Super Topup,PKG-1,MAX-4,35706.44,3811.06,2025-02-27,Base,0.0,ACTIVE,500000,4,3,,,2025-03-11,72,DD,Local,HDFC Bank,RCPT-596251,Cleared,651194.0,TXN-8848621776,Approved,RM-45,BR-15,N,,XDYG3412328120679,,N,2025-03-11,2025-02-27,2025-03-11,,,Direct,35706.44,OPD Care,1500,,,,,,,,,,,,,,,,,,,SP-978,Manne-Bali,Health Secure,North,CUST-242720,Individual,Annual,Gold,BR-47,ARM-4,2022-01-17,Agency,Direct,Setty-Bobal,BP-179,Agent,Aishani Hora,Raipur,RM-10,Manthan Lata,Standard,1,4,Ekbal Bhasin,Issued,Aizawl Branch,East Zone,Bahraich Office,East,Digital,2025-11-24 10:29:49.430008,24,Advisor,Bhind,648877,42133.6,6427.159999999996,0.0,0.0,0.0,Y,PAY-10543,Male,1982-07-28,mnaidu@example.com,911399049027,LBOFF8742E,"H.No. 51, Narayan Street, Shimla 680715",KDYMGB6A830,Portability,,,,Audiological scientist,Gujarat,1,Online,0.0,"Pathak, Tara and Sathe",,,,,NSTP,35706.44,CKYC-3264134512,2025-02-27,RM-4,Amara Deep,2025,3,harsh.kumar@sentra.com
POL-58802946,PROP-93717532,AGT-9710,Portability,Retail,Individual,2025-10-28,2026-10-28,1.0,2025,10,Digital,2025-10-28,Group Activ,PKG-2,MAX-5,46581.44,1585.27,2025-10-27,Base,0.0,ACTIVE,500000,1,10,,,2025-10-28,34,CC,Outstation,Tamilnad Mercantile Bank,RCPT-127324,Cleared,,TXN-3433026356,Approved,RM-39,BR-7,Y,,WFJR0861317127484,,Y,2025-10-28,2025-10-27,2025-10-28,,,Direct,46581.44,OPD Care,1500,,,,,,,,,,,,,,,,,,,SP-731,Subramanian-Sodhi,Health Secure,West,CUST-255570,Individual,Annual,Gold,BR-47,ARM-5,2022-09-21,Agency,Direct,Rajagopal and Sons,BP-793,Agent,Ekaraj Majumdar,Mau,RM-11,Aarnav Mandal,Standard,1,1,Vrishti Dixit,Issued,Siwan Branch,North Zone,Hapur Office,West,Digital,2025-11-24 10:29:49.435446,24,Advisor,Suryapet,753396,54966.1,8384.659999999996,0.0,0.0,0.0,Y,PAY-30613,Male,1998-10-28,ubassi@example.net,6627028951,AUJAP7187J,"H.No. 59, Buch Marg, Deoghar 578091",UVJHGBF1,Portability,,,,Chief Technology Officer,Tripura,1,Online,0.0,"Chaudhry, Sawhney and Ganesan",,,,,STP,46581.44,CKYC-7275679594,2025-10-27,RM-45,Chakradhar Nair,2025,10,harsh.kumar@sentra.com
POL-39375156,PROP-48112135,AGT-1525,Portability,Retail,Floater,2025-09-10,2026-09-10,1.0,2025,9,Digital,2025-09-10,Senior Care,PKG-1,MAX-4,43144.37,1441.26,2025-09-08,Base,0.0,ACTIVE,500000,2,9,,,2025-09-10,39,DD,Local,IndusInd Bank,RCPT-451607,Cleared,152640.0,TXN-9638754591,Approved,RM-39,BR-14,Y,,NSVZ2221969379237,,N,2025-09-10,2025-09-08,2025-09-10,,,Direct,43144.37,OPD Care,1500,,,,,,,,,,,,,,,,,,,SP-832,"Kumar, Sharaf and Kumer",Super Topup,North,CUST-699233,Individual,Annual,Gold,BR-91,ARM-1,2020-12-06,Agency,Direct,Mani-Dugar,BP-941,Agent,Riya Pai,Khandwa,RM-48,Tanmayi Mittal,Standard,1,2,Leena Subramanian,Issued,Patiala Branch,East Zone,Aurangabad Office,North,Digital,2025-11-24 10:29:49.441794,24,Advisor,Ramgarh,406409,50910.36,7765.989999999998,0.0,0.0,0.0,Y,PAY-89889,Female,1993-12-05,tanejabhavini@example.org,5339421047,FSUVA0952L,"58/84, Kurian Street, Sagar-171236",CZMAGBQ8H3X,Portability,,,,Garment/textile technologist,Odisha,1,Online,0.0,Prabhu-Chokshi,,,,,NSTP,43144.37,CKYC-2898400928,2025-09-08,RM-11,Aryan Narang,2025,9,harsh.kumar@sentra.com
POL-29711402,PROP-86926431,AGT-5103,Renewal,Retail,Individual,2025-10-23,2026-10-23,1.0,2025,10,Agency,2025-10-23,Health Secure,PKG-5,MAX-1,46484.0,2406.72,2025-10-16,Base,46484.0,ACTIVE,1000000,3,10,,,2025-10-23,18,Online,Local,Central Bank of India,RCPT-666269,Cleared,,TXN-7833399096,Approved,RM-42,BR-34,N,,WJUN1200471138267,,Y,2025-10-23,2025-10-16,2025-10-23,,,Direct,46484.0,OPD Care,1500,,,,,,,,,,,,,,,,,,,SP-415,Zachariah-Saini,Super Topup,South,CUST-615870,Individual,Annual,Gold,BR-67,ARM-5,2023-11-12,Agency,Direct,Sachdeva Ltd,BP-814,Agent,Vrishti Reddy,Patna,RM-34,Teerth Sawhney,Standard,1,5,Warinder Patil,Issued,Arrah Branch,East Zone,Ghaziabad Office,East,Digital,2025-11-24 10:29:49.442893,24,Advisor,Bally,171390,54851.12,8367.120000000003,0.0,0.0,0.0,Y,PAY-6629,Male,1994-06-19,jeremiahjha@example.org,3933529042,HQBIA2842W,"H.No. 240, Sama Street, Rajkot-758917",TBXZGB7T,,,,,Proofreader,Rajasthan,1,Online,0.0,,,POL-OLD-105,2025-10-22,,STP,46484.0,CKYC-4140460939,2025-10-16,RM-26,Varenya Ratti,2025,10,vishal.saxena@sentra.com
POL-14490391,PROP-65802771,AGT-8665,Renewal,Retail,Floater,2025-04-28,2026-04-28,1.0,2025,4,Agency,2025-04-28,Group Activ,PKG-5,MAX-4,40707.56,1941.47,2025-04-20,Comprehensive,40707.56,ACTIVE,500000,1,4,,,2025-04-28,39,CC,Outstation,Nainital Bank,RCPT-77060,Cleared,,TXN-3862321353,Approved,RM-94,BR-26,Y,,KTEC2499856984789,,Y,2025-04-28,2025-04-20,2025-04-28,,,Direct,40707.56,OPD Care,1500,,,,,,,,,,,,,,,,,,,SP-445,Chaudhary-Contractor,Senior Care,South,CUST-894217,Individual,Annual,Gold,BR-96,ARM-1,2023-07-07,Agency,Direct,"Kale, Sani and Seth",BP-371,Agent,Odika Nori,Silchar,RM-5,Girish Munshi,Standard,1,3,Dhriti Kumer,Issued,Jamnagar Branch,East Zone,Jabalpur Office,South,Digital,2025-11-24 10:29:49.449266,24,Advisor,Guwahati,615280,48034.92,7327.360000000001,0.0,0.0,0.0,Y,PAY-76869,Female,2005-02-28,jason65@example.net,494519832,JXHWR7315K,"99/80, Loke, Bokaro-455022",CEXUGBBF7NY,,,,,Personnel officer,Manipur,1,Online,0.0,,,POL-OLD-836,2025-04-27,,NSTP,40707.56,CKYC-1464137110,2025-04-20,RM-28,Devika Nair,2025,4,vishal.saxena@sentra.com
POL-76181117,PROP-80023800,AGT-9577,Portability,Retail,Individual,2025-09-03,2026-09-03,1.0,2025,9,Agency,2025-09-03,Senior Care,PKG-4,MAX-3,21516.94,4976.19,2025-08-23,Comprehensive,0.0,CANCELLED,300000,2,9,Non-Payment,2025-10-03,2025-09-03,44,DD,Outstation,Indian Bank,RCPT-926251,Cleared,,TXN-225953184,Approved,RM-78,BR-43,N,,FYTB1476797643815,,N,2025-09-03,2025-08-23,2025-09-03,,,Direct,21516.94,OPD Care,1500,,,,,,,,,,,,,,,,,,,SP-940,Choudhry-Mander,Health Secure,West,CUST-711163,Individual,Annual,Gold,BR-95,ARM-2,2023-08-11,Agency,Direct,Vyas-Morar,BP-208,Agent,Thomas Rana,Chennai,RM-3,Charvi Kakar,Standard,1,5,Aadhya Mann,Issued,Jamshedpur Branch,East Zone,Mehsana Office,South,Digital,2025-11-24 10:29:49.452548,24,Advisor,Akola,683885,25389.99,3873.050000000003,0.0,0.0,0.0,Y,PAY-9447,Female,1969-11-29,sarinanirudh@example.com,915969664160,SXFBG5297P,"16/45, Nath Ganj, Solapur-883552",DEIGGBLJ,Portability,,,,Call centre manager,Goa,1,Online,0.0,"Tak, Shetty and Sen",,,,,STP,21516.94,CKYC-1357806226,2025-08-23,RM-32,Ekansh Singh,2025,9,vishal.saxena@sentra.com
POL-40643870,PROP-36866075,AGT-5305,Renewal,Retail,Floater,2025-05-03,2026-05-03,1.0,2025,5,Digital,2025-05-03,Health Secure,PKG-5,MAX-4,13597.49,1599.07,2025-04-23,Comprehensive,13597.49,ACTIVE,1000000,4,5,,,2025-05-03,43,Cheque,Outstation,Canara Bank,RCPT-369038,Cleared,,TXN-2178995337,Approved,RM-29,BR-3,Y,,JOOB0541199867980,,N,2025-05-03,2025-04-23,2025-05-03,,,Direct,13597.49,OPD Care,1500,,,,,,,,,,,,,,,,,,,SP-771,Guha-Nagy,Group Activ,South,CUST-634394,Individual,Annual,Gold,BR-75,ARM-2,2022-10-18,Agency,Direct,Bhatia Group,BP-580,Agent,Hemal Chad,Thane,RM-32,Raksha Sarna,Standard,1,2,Januja Pradhan,Issued,Munger Branch,East Zone,Sonipat Office,West,Digital,2025-11-24 10:29:49.455766,24,Advisor,Thanjavur,518644,16045.04,2447.550000000001,0.0,0.0,0.0,Y,PAY-94861,Male,1998-07-18,gauribumb@example.net,2546291486,PQBGX5281B,"357, Kara Ganj, Bhatpara 418880",YTETGBYJKLK,,,,,Primary school teacher,Arunachal Pradesh,1,Offline,0.0,,,POL-OLD-138,2025-05-02,,STP,13597.49,CKYC-6059591606,2025-04-23,RM-47,Sachi Mane,2025,5,vishal.saxena@sentra.com
POL-60254091,PROP-31407343,AGT-6644,Portability,Retail,Floater,2025-08-25,2026-08-25,1.0,2025,8,Agency,2025-08-25,Health Secure,PKG-1,MAX-1,7330.7,4291.38,2025-08-23,Comprehensive,0.0,ACTIVE,1000000,4,8,,,2025-08-25,74,Cheque,Outstation,City Union Bank,RCPT-324500,Cleared,847903.0,TXN-7663811838,Approved,RM-69,BR-23,N,,GLVS7746886239240,,N,2025-08-25,2025-08-23,2025-08-25,,,Direct,7330.7,OPD Care,1500,,,,,,,,,,,,,,,,,,,SP-159,"Srivastava, Prabhu and Chauhan",Group Activ,North,CUST-745957,Individual,Annual,Gold,BR-38,ARM-4,2024-04-11,Agency,Direct,Mane Inc,BP-493,Agent,Anjali Sengupta,Junagadh,RM-16,Tristan Seshadri,Standard,1,1,Avi Sachdeva,Issued,Tenali Branch,North Zone,Noida Office,North,Digital,2025-11-24 10:29:49.456819,24,Advisor,Jodhpur,305152,8650.23,1319.5299999999995,0.0,0.0,0.0,Y,PAY-18035,Male,1947-04-24,wdewan@example.net,7901043289,PTHDP8614A,"H.No. 798, Varma Nagar, Asansol-609539",FVVCGB7XE78,Portability,,,,"Runner, broadcasting/film/video",Uttar Pradesh,1,Offline,0.0,"Bahri, Ramakrishnan and Singhal",,,,,NSTP,7330.7,CKYC-8776913529,2025-08-23,RM-25,Kashvi Kulkarni,2025,8,vishal.saxena@sentra.com
POL-47928328,PROP-9067690,AGT-9855,Portability,Retail,Group,2025-08-23,2026-08-23,1.0,2025,8,Banca,2025-08-23,Super Topup,PKG-3,MAX-2,36726.89,928.47,2025-08-14,Base,0.0,ACTIVE,1000000,2,8,,,2025-08-23,68,Online,Outstation,IDFC First Bank,RCPT-252838,Cleared,768544.0,TXN-7544878538,Approved,RM-82,BR-50,N,,EBLR5277221704303,,N,2025-08-23,2025-08-14,2025-08-23,,,Direct,36726.89,OPD Care,1500,,,,,,,,,,,,,,,,,,,SP-227,Mutti LLC,Health Secure,East,CUST-540418,Individual,Annual,Gold,BR-54,ARM-3,2022-06-27,Agency,Direct,"Solanki, Kulkarni and Bansal",BP-840,Agent,Bhavika Parikh,Bathinda,RM-3,Jeet Pillai,Standard,1,5,Mugdha Sarraf,Issued,Sonipat Branch,North Zone,Mehsana Office,North,Digital,2025-11-24 10:29:49.457796,24,Advisor,Arrah,161692,43337.73,6610.840000000004,0.0,0.0,0.0,Y,PAY-71496,Female,1963-05-28,buchfalak@example.net,4796275705,EQOZX9640G,"970, Bhavsar Street, Ambarnath-690927",LOYCGBI7XZU,Portability,,,,Health promotion specialist,Haryana,1,Offline,0.0,Bal Ltd,,,,,NSTP,36726.89,CKYC-5094037570,2025-08-14,RM-24,Jacob Lala,2025,8,vishal.saxena@sentra.com
POL-94494355,PROP-59897763,AGT-5866,Portability,Retail,Group,2025-09-02,2026-09-02,1.0,2025,9,Broker,2025-09-02,Super Topup,PKG-5,MAX-5,24593.52,4700.41,2025-08-24,Comprehensive,0.0,ACTIVE,500000,4,9,,,2025-09-02,27,Cheque,Local,Bandhan Bank,RCPT-641599,Cleared,,TXN-9816477929,Approved,RM-78,BR-31,N,,PGDE1727155188442,,N,2025-09-02,2025-08-24,2025-09-02,,,Direct,24593.52,OPD Care,1500,,,,,,,,,,,,,,,,,,,SP-101,"Ghosh, Pathak and Trivedi",Group Activ,East,CUST-235134,Individual,Annual,Gold,BR-74,ARM-1,2021-05-19,Agency,Direct,Dewan and Sons,BP-749,Agent,Atharv Patel,Bhind,RM-11,Gabriel Bhatti,Standard,1,3,Mitali Srinivas,Issued,Alappuzha Branch,South Zone,Cuttack Office,East,Digital,2025-11-24 10:29:49.460084,24,Advisor,Srinagar,785289,29020.35,4426.829999999998,0.0,0.0,0.0,Y,PAY-23850,Female,1993-04-07,rachitathakkar@example.org,918242253584,RIOTN1438I,"92/29, Nazareth, Bhopal 094396",PURJGBT4,Portability,,,,Financial risk analyst,Uttar Pradesh,1,Offline,0.0,"Ravi, Mishra and Setty",,,,,NSTP,24593.52,CKYC-8903351330,2025-08-24,RM-22,Nakul Sarraf,2025,9,vishal.saxena@sentra.com
POL-62336371,PROP-27383505,AGT-5683,New Business,Retail,Group,2025-04-24,2026-04-24,1.0,2025,4,Digital,2025-04-24,Super Topup,PKG-3,MAX-1,44827.35,3876.0,2025-04-17,Base,0.0,ACTIVE,300000,3,4,,,2025-04-24,67,Online,Local,IDBI Bank,RCPT-636129,Cleared,150647.0,TXN-7380312396,Approved,RM-89,BR-21,Y,,XLME5881537147321,,N,2025-04-24,2025-04-17,2025-04-24,,,Direct,44827.35,OPD Care,1500,,,,,,,,,,,,,,,,,,,SP-389,Mannan Group,Super Topup,North,CUST-906141,Individual,Annual,Gold,BR-79,ARM-5,2023-05-11,Agency,Direct,Dutta LLC,BP-837,Agent,Ranveer Dutta,Kottayam,RM-29,Wishi Morar,Standard,1,4,Arin Chana,Issued,Dibrugarh Branch,South Zone,New Delhi Office,West,Digital,2025-11-24 10:29:49.463601,24,Advisor,Ballia,4797,52896.27,8068.919999999998,0.0,0.0,0.0,Y,PAY-37453,Female,1978-09-16,sankarkrish@example.com,5650609835,GCWJR8416N,"H.No. 655, Pau Circle, Davanagere 800025",QOETGB6IUUK,,,,,"Nurse, learning disability",Punjab,1,Offline,0.0,,,,,,STP,44827.35,CKYC-9875136292,2025-04-17,RM-2,Yashica Upadhyay,2025,4,vishal.saxena@sentra.com
POL-95125446,PROP-75554415,AGT-4050,Portability,Retail,Individual,2025-06-05,2026-06-05,1.0,2025,6,Banca,2025-06-05,Super Topup,PKG-3,MAX-1,26256.31,2117.64,2025-05-23,Base,0.0,ACTIVE,500000,1,6,,,2025-06-05,54,Online,Outstation,HDFC Bank,RCPT-497960,Cleared,,TXN-3503614567,Approved,RM-4,BR-10,Y,,LKVD6940974993097,,N,2025-06-05,2025-05-23,2025-06-05,,,Direct,26256.31,OPD Care,1500,,,,,,,,,,,,,,,,,,,SP-704,Viswanathan Ltd,Super Topup,West,CUST-756215,Individual,Annual,Gold,BR-90,ARM-2,2023-05-17,Agency,Direct,Divan-Kibe,BP-556,Agent,Imaran Halder,Gandhidham,RM-39,Omya Doshi,Standard,1,5,Samar Roy,Issued,Ghaziabad Branch,South Zone,Kadapa Office,West,Digital,2025-11-24 10:29:49.464664,24,Advisor,Kishanganj,786527,30982.45,4726.139999999999,0.0,0.0,0.0,Y,PAY-69878,Male,1966-06-18,aishani97@example.org,914843443757,HKRIY5844Z,"H.No. 04, Pal Zila, Bardhaman 338484",DTXSGBPP,Portability,,,,Arts administrator,Sikkim,1,Online,0.0,"Kara, Kaul and Ben",,,,,NSTP,26256.31,CKYC-4725314249,2025-05-23,RM-38,Urmi Chaudhry,2025,6,vishal.saxena@sentra.com
POL-18450513,PROP-695441,AGT-7929,Renewal,Retail,Group,2025-07-30,2026-07-30,1.0,2025,7,Digital,2025-07-30,Health Secure,PKG-1,MAX-4,6073.14,355.24,2025-07-25,Comprehensive,6073.14,ACTIVE,300000,2,7,,,2025-07-30,22,CC,Outstation,UCO Bank,RCPT-426673,Cleared,,TXN-6338081696,Approved,RM-82,BR-33,N,,UGYJ5401938026206,,N,2025-07-30,2025-07-25,2025-07-30,,,Direct,6073.14,OPD Care,1500,,,,,,,,,,,,,,,,,,,SP-998,Grewal-Mann,Health Secure,North,CUST-919331,Individual,Annual,Gold,BR-60,ARM-4,2021-01-16,Agency,Direct,Chhabra-Nayak,BP-172,Agent,Suhani Viswanathan,Guntur,RM-24,Anjali Hans,Standard,1,5,Ganga Gaba,Issued,Bardhaman Branch,West Zone,Kanpur Office,West,Digital,2025-11-24 10:29:49.465624,24,Advisor,Sagar,296685,7166.31,1093.17,0.0,0.0,0.0,Y,PAY-11368,Female,1970-02-24,goyallogan@example.com,3046374549,SPDQH9045D,"84, Merchant Zila, Srikakulam 327279",NWRPGB8NPF7,,,,,Product manager,Mizoram,1,Online,0.0,,,POL-OLD-935,2025-07-29,,NSTP,6073.14,CKYC-7317619798,2025-07-25,RM-16,Isaac Bhatia,2025,7,vishal.saxena@sentra.com
POL-67845324,PROP-27133023,AGT-6453,Portability,Retail,Individual,2025-09-22,2026-09-22,1.0,2025,9,Digital,2025-09-22,Health Secure,PKG-2,MAX-3,39251.84,3267.51,2025-09-21,Base,0.0,ACTIVE,300000,4,9,,,2025-09-22,20,CC,Outstation,Union Bank of India,RCPT-172529,Cleared,,TXN-6529817193,Approved,RM-92,BR-12,N,,DVGW9718707286790,,Y,2025-09-22,2025-09-21,2025-09-22,,,Direct,39251.84,OPD Care,1500,,,,,,,,,,,,,,,,,,,SP-546,"Shere, Morar and Bains",Senior Care,North,CUST-415182,Individual,Annual,Gold,BR-48,ARM-4,2021-11-29,Agency,Direct,Kamdar PLC,BP-913,Agent,Chakradev Sampath,Rajkot,RM-20,Ekapad Sodhi,Standard,1,5,Bhavini Rege,Issued,Bhavnagar Branch,South Zone,Dindigul Office,East,Digital,2025-11-24 10:29:49.468479,24,Advisor,Sultan Pur Majra,618251,46317.17,7065.330000000002,0.0,0.0,0.0,Y,PAY-23392,Female,2007-06-12,iwadhwa@example.net,910047868633,MUWHC7524Z,"311, Bandi, Khora -306738",YYBEGB6S,Portability,,,,Facilities manager,Uttarakhand,1,Online,0.0,"Nagar, Nagi and Khalsa",,,,,STP,39251.84,CKYC-5244338653,2025-09-21,RM-41,Anvi Bhat,2025,9,vishal.saxena@sentra.com
POL-79412216,PROP-98678498,AGT-7021,Portability,Retail,Floater,2025-06-14,2026-06-14,1.0,2025,6,Broker,2025-06-14,Senior Care,PKG-1,MAX-4,20610.07,2005.01,2025-06-05,Base,0.0,ACTIVE,500000,3,6,,,2025-06-14,36,CC,Local,State Bank of India,RCPT-656401,Cleared,,TXN-7210176888,Approved,RM-7,BR-11,N,,RPBL6856624628733,,N,2025-06-14,2025-06-05,2025-06-14,,,Direct,20610.07,OPD Care,1500,,,,,,,,,,,,,,,,,,,SP-421,Dhawan-Sheth,Super Topup,East,CUST-959175,Individual,Annual,Gold,BR-87,ARM-1,2021-02-15,Agency,Direct,Saha-Wagle,BP-506,Agent,Lipika Kibe,Kurnool,RM-45,Farhan Sengupta,Standard,1,5,George Wason,Issued,Faridabad Branch,East Zone,Burhanpur Office,North,Digital,2025-11-24 10:29:49.469424,24,Advisor,Srinagar,983735,24319.88,3709.810000000001,0.0,0.0,0.0,Y,PAY-39739,Male,2005-03-10,kakarranveer@example.net,917393638546,QXGFD7854G,"556, Kant Nagar, Pune-899642",KHMSGBP5,Portability,,,,Statistician,Rajasthan,1,Online,0.0,"Nazareth, Kurian and Suresh",,,,,NSTP,20610.07,CKYC-6402059279,2025-06-05,RM-24,Indira Gara,2025,6,vishal.saxena@sentra.com
POL-73356206,PROP-65540707,AGT-2630,Renewal,Retail,Individual,2025-01-13,2026-01-13,1.0,2025,1,Digital,2025-01-13,Group Activ,PKG-1,MAX-5,46924.5,422.88,2024-12-31,Comprehensive,46924.5,ACTIVE,300000,1,1,,,2025-01-13,62,Cheque,Outstation,State Bank of India,RCPT-961438,Cleared,,TXN-4111301175,Approved,RM-4,BR-3,Y,,QBCV0062312038750,,N,2025-01-13,2024-12-31,2025-01-13,,,Direct,46924.5,OPD Care,1500,,,,,,,,,,,,,,,,,,,SP-595,"Subramanian, Sura and Babu",Super Topup,South,CUST-6933,Individual,Annual,Gold,BR-81,ARM-2,2023-01-09,Agency,Direct,Arora-Badal,BP-220,Agent,Bhavini Badal,Mangalore,RM-49,Gopal Viswanathan,Standard,1,4,Wridesh Handa,Issued,Raichur Branch,East Zone,Sikar Office,West,Digital,2025-11-24 10:29:49.470346,24,Advisor,Dindigul,793341,55370.91,8446.410000000003,0.0,0.0,0.0,Y,PAY-85686,Female,2007-05-16,chandernidra@example.com,8700217659,NSKER1803C,"90/25, Johal Nagar, Sikar 429396",MYXEGBF6WDG,,,,,Press sub,Haryana,1,Online,0.0,,,POL-OLD-464,2025-01-12,,NSTP,46924.5,CKYC-3602080228,2024-12-31,RM-22,Mekhala Narain,2025,1,vishal.saxena@sentra.com
POL-36685332,PROP-60471823,AGT-1349,Portability,Retail,Floater,2024-12-03,2025-12-03,1.0,2024,12,Banca,2024-12-03,Health Secure,PKG-4,MAX-2,17627.29,1355.63,2024-11-19,Comprehensive,0.0,ACTIVE,1000000,2,12,,,2024-12-03,53,DD,Outstation,Tamilnad Mercantile Bank,RCPT-239220,Cleared,373095.0,TXN-5907413963,Approved,RM-36,BR-27,N,,FVSV6194311426265,,N,2024-12-03,2024-11-19,2024-12-03,,,Direct,17627.29,OPD Care,1500,,,,,,,,,,,,,,,,,,,SP-593,Chhabra-Chand,Group Activ,East,CUST-5447,Individual,Annual,Gold,BR-92,ARM-5,2024-08-31,Agency,Direct,Parsa-Madan,BP-367,Agent,Kevin Chahal,Chinsurah,RM-8,Yauvani Reddy,Standard,1,1,Atharv Chakraborty,Issued,Begusarai Branch,West Zone,Kavali Office,West,Digital,2025-11-24 10:29:49.471279,24,Advisor,Kharagpur,466183,20800.2,3172.91,0.0,0.0,0.0,Y,PAY-74967,Male,1977-09-22,igara@example.com,4721264647,UOFMN1543M,"406, Rai Path, Gandhidham-692459",PKFMGBUS,Portability,,,,Recycling officer,Odisha,1,Online,0.0,Nanda Group,,,,,STP,17627.29,CKYC-7670238355,2024-11-19,RM-18,Ishaan Iyengar,2024,12,vishal.saxena@sentra.com
POL-73233096,PROP-24149421,AGT-8240,Portability,Retail,Floater,2025-06-27,2026-06-27,1.0,2025,6,Agency,2025-06-27,Health Secure,PKG-4,MAX-4,34482.08,3654.72,2025-06-20,Comprehensive,0.0,ACTIVE,1000000,2,6,,,2025-06-27,70,Cheque,Local,Bank of India,RCPT-999297,Cleared,762538.0,TXN-3042413312,Approved,RM-27,BR-27,Y,,OZJW1672434266179,,Y,2025-06-27,2025-06-20,2025-06-27,,,Direct,34482.08,OPD Care,1500,,,,,,,,,,,,,,,,,,,SP-564,Rattan-Warrior,Health Secure,North,CUST-531221,Individual,Annual,Gold,BR-21,ARM-3,2024-08-03,Agency,Direct,"Sahota, Bansal and Parsa",BP-172,Agent,Ikbal Kothari,Rourkela,RM-4,Mugdha Narula,Standard,1,4,Hitesh Anne,Issued,Rampur Branch,North Zone,Sasaram Office,East,Digital,2025-11-24 10:29:49.472255,24,Advisor,Amroha,679825,40688.85,6206.769999999997,0.0,0.0,0.0,Y,PAY-3219,Female,1975-04-24,ojasvi11@example.net,915457387571,TCZTH7751B,"23/828, Narayanan Street, Surendranagar Dudhrej 622660",OSNMGBAN,Portability,,,,"Engineer, land",Himachal Pradesh,1,Online,0.0,"Bhatnagar, Chaudry and Yadav",,,,,STP,34482.08,CKYC-5097953682,2025-06-20,RM-16,Ronith Shankar,2025,6,vishal.saxena@sentra.com
POL-90020021,PROP-65697427,AGT-2640,Renewal,Retail,Individual,2025-01-03,2026-01-03,1.0,2025,1,Digital,2025-01-03,Senior Care,PKG-4,MAX-2,16981.66,1186.29,2024-12-19,Base,16981.66,ACTIVE,300000,1,1,,,2025-01-03,72,Cheque,Local,ICICI Bank,RCPT-625969,Cleared,407517.0,TXN-6920516981,Approved,RM-58,BR-18,Y,,SDLL7924991251341,,N,2025-01-03,2024-12-19,2025-01-03,,,Direct,16981.66,OPD Care,1500,,,,,,,,,,,,,,,,,,,SP-267,Prakash Ltd,Super Topup,South,CUST-148225,Individual,Annual,Gold,BR-71,ARM-2,2022-12-09,Agency,Direct,Devi-Rajagopal,BP-786,Agent,Quincy Sur,Miryalaguda,RM-42,Vrishti Mani,Standard,1,5,Rachit Murty,Issued,Udupi Branch,East Zone,Secunderabad Office,North,Digital,2025-11-24 10:29:49.473192,24,Advisor,Shivpuri,368876,20038.36,3056.7000000000007,0.0,0.0,0.0,Y,PAY-89744,Male,1975-11-16,ksuresh@example.org,340438427,HKHRX9788I,"78/361, Mishra Ganj, Hospet 517133",WTUNGBKINND,,,,,"Teacher, early years/pre",Kerala,1,Offline,0.0,,,POL-OLD-638,2025-01-02,,NSTP,16981.66,CKYC-6581095906,2024-12-19,RM-27,Ekiya Master,2025,1,vishal.saxena@sentra.com
POL-35882178,PROP-69043610,AGT-2964,Portability,Retail,Individual,2025-03-08,2026-03-08,1.0,2025,3,Broker,2025-03-08,Senior Care,PKG-4,MAX-4,11268.36,2998.1,2025-02-21,Base,0.0,ACTIVE,300000,2,3,,,2025-03-08,45,Cheque,Local,Indian Overseas Bank,RCPT-142175,Cleared,,TXN-7669484644,Approved,RM-38,BR-3,N,,BIUE2325367294667,,N,2025-03-08,2025-02-21,2025-03-08,,,Direct,11268.36,OPD Care,1500,,,,,,,,,,,,,,,,,,,SP-194,Chander Group,Senior Care,North,CUST-540659,Individual,Annual,Gold,BR-52,ARM-2,2023-11-23,Agency,Direct,"Pillay, Sha and Sura",BP-155,Agent,Aarnav Chander,Secunderabad,RM-29,Mitali Kamdar,Standard,1,4,Siddharth Talwar,Issued,North Dumdum Branch,South Zone,Naihati Office,North,Digital,2025-11-24 10:29:49.474201,24,Advisor,Buxar,500170,13296.66,2028.2999999999995,0.0,0.0,0.0,Y,PAY-16284,Male,2003-06-14,ridhishan@example.org,3242415415,USWOB2064P,"H.No. 371, Kara Street, Bangalore 516271",MCXZGBGG,Portability,,,,Intelligence analyst,Kerala,1,Online,0.0,Devan-Raja,,,,,STP,11268.36,CKYC-9161793280,2025-02-21,RM-14,Ekapad Wali,2025,3,vishal.saxena@sentra.com
POL-81915661,PROP-87244236,AGT-6569,Portability,Retail,Floater,2025-06-17,2026-06-17,1.0,2025,6,Agency,2025-06-17,Group Activ,PKG-4,MAX-1,19962.6,42.17,2025-06-11,Base,0.0,CANCELLED,300000,1,6,Non-Payment,2025-07-17,2025-06-17,43,DD,Local,UCO Bank,RCPT-461477,Cleared,368247.0,TXN-3102821948,Approved,RM-89,BR-15,N,,UXEN9731121965652,,N,2025-06-17,2025-06-11,2025-06-17,,,Direct,19962.6,OPD Care,1500,,,,,,,,,,,,,,,,,,,SP-634,Malhotra Ltd,Group Activ,North,CUST-88341,Individual,Annual,Gold,BR-36,ARM-1,2021-11-20,Agency,Direct,"Mane, Bala and Mitra",BP-307,Agent,Zarna Upadhyay,Katni,RM-19,Chatura Khatri,Standard,1,2,Libni Chowdhury,Issued,Panchkula Branch,East Zone,Dehri Office,West,Digital,2025-11-24 10:29:49.475607,24,Advisor,Karimnagar,269658,23555.87,3593.2700000000004,0.0,0.0,0.0,Y,PAY-89514,Female,1955-10-13,bbora@example.net,910430068486,INJRF6618T,"856, Bhatti, Junagadh 031617",JVXVGBLH,Portability,,,,"Administrator, charities/voluntary organisations",Tamil Nadu,1,Offline,0.0,Apte and Sons,,,,,STP,19962.6,CKYC-1113457241,2025-06-11,RM-35,Jonathan Luthra,2025,6,vishal.saxena@sentra.com
POL-15845304,PROP-3940129,AGT-4704,Portability,Retail,Individual,2025-08-18,2026-08-18,1.0,2025,8,Banca,2025-08-18,Group Activ,PKG-5,MAX-3,33843.73,3644.12,2025-08-04,Base,0.0,ACTIVE,500000,3,8,,,2025-08-18,67,DD,Outstation,IDBI Bank,RCPT-846313,Cleared,,TXN-6138902282,Approved,RM-36,BR-21,Y,,QCIW9177850792524,,N,2025-08-18,2025-08-04,2025-08-18,,,Direct,33843.73,OPD Care,1500,,,,,,,,,,,,,,,,,,,SP-320,D’Alia and Sons,Health Secure,North,CUST-776764,Individual,Annual,Gold,BR-55,ARM-4,2022-12-06,Agency,Direct,Arora and Sons,BP-472,Agent,Urmi Patla,Jalgaon,RM-20,Balendra Saini,Standard,1,3,Ekanta Kothari,Issued,Imphal Branch,South Zone,Solapur Office,North,Digital,2025-11-24 10:29:49.476670,24,Advisor,Jamshedpur,238061,39935.6,6091.869999999995,0.0,0.0,0.0,Y,PAY-60960,Male,1999-06-16,falak18@example.com,915349493759,JAABO7383I,"H.No. 06, Chawla Road, Bettiah 670241",HQNWGBX3,Portability,,,,Chartered accountant,Odisha,1,Online,0.0,Tiwari and Sons,,,,,NSTP,33843.73,CKYC-1693725910,2025-08-04,RM-16,Radhika De,2025,8,vishal.saxena@sentra.com
POL-35029610,PROP-42279780,AGT-1116,Portability,Retail,Individual,2025-02-17,2026-02-17,1.0,2025,2,Banca,2025-02-17,Health Secure,PKG-1,MAX-5,32986.51,3059.01,2025-02-07,Comprehensive,0.0,ACTIVE,500000,1,2,,,2025-02-17,64,CC,Outstation,Karnataka Bank,RCPT-734764,Cleared,872310.0,TXN-7453283834,Approved,RM-50,BR-45,N,,KOIH1329121277561,,Y,2025-02-17,2025-02-07,2025-02-17,,,Direct,32986.51,OPD Care,1500,,,,,,,,,,,,,,,,,,,SP-757,"Parmar, Johal and Seth",Group Activ,North,CUST-323284,Individual,Annual,Gold,BR-91,ARM-3,2022-09-30,Agency,Direct,Chana and Sons,BP-162,Agent,Banjeet Kale,Siliguri,RM-21,Yuvraj Parekh,Standard,1,5,Yochana Bawa,Issued,Bhilwara Branch,West Zone,Ludhiana Office,West,Digital,2025-11-24 10:29:49.477686,24,Advisor,Bidhannagar,171210,38924.08,5937.57,0.0,0.0,0.0,Y,PAY-8083,Male,1997-03-17,kalpithora@example.com,1994101372,DDKKB1510U,"H.No. 662, Kala Path, Panipat-720999",UJPNGB94,Portability,,,,"Biochemist, clinical",Assam,1,Offline,0.0,Rajagopal-Devan,,,,,STP,32986.51,CKYC-1800599868,2025-02-07,RM-26,Anirudh Raja,2025,2,vishal.saxena@sentra.com
POL-48199211,PROP-64382155,AGT-9348,New Business,Retail,Individual,2025-09-05,2026-09-05,1.0,2025,9,Digital,2025-09-05,Senior Care,PKG-3,MAX-5,43168.51,756.89,2025-08-31,Comprehensive,0.0,ACTIVE,1000000,2,9,,,2025-09-05,35,Online,Local,Tamilnad Mercantile Bank,RCPT-360745,Cleared,,TXN-6452729913,Approved,RM-54,BR-16,N,,MIFA5930407859321,,N,2025-09-05,2025-08-31,2025-09-05,,,Direct,43168.51,OPD Care,1500,,,,,,,,,,,,,,,,,,,SP-749,Khosla LLC,Senior Care,South,CUST-559614,Individual,Annual,Gold,BR-72,ARM-1,2024-02-28,Agency,Direct,"Bhalla, Kanda and Rama",BP-202,Agent,Oscar Goda,Guntakal,RM-23,Jagrati Bala,Standard,1,5,Lucky Guha,Issued,Hosur Branch,South Zone,Akola Office,West,Digital,2025-11-24 10:29:49.478639,24,Advisor,Agra,39308,50938.84,7770.329999999994,0.0,0.0,0.0,Y,PAY-62650,Male,1944-12-09,kalpitoak@example.net,915002921851,VTUIK5691U,"52/895, Gill Ganj, Aizawl-220969",FTKZGBOG,,,,,Research scientist (maths),Chhattisgarh,1,Offline,0.0,,,,,,STP,43168.51,CKYC-334176969,2025-08-31,RM-23,Ekaja Ganesh,2025,9,kamaljeet.singh@sentra.com
POL-11908603,PROP-95155780,AGT-8773,Portability,Retail,Floater,2025-07-13,2026-07-13,1.0,2025,7,Agency,2025-07-13,Health Secure,PKG-1,MAX-5,9374.5,906.94,2025-07-02,Base,0.0,ACTIVE,1000000,1,7,,,2025-07-13,67,DD,Outstation,IDBI Bank,RCPT-468325,Cleared,11949.0,TXN-1139078760,Approved,RM-76,BR-21,Y,,HWCL4100676267658,,Y,2025-07-13,2025-07-02,2025-07-13,,,Direct,9374.5,OPD Care,1500,,,,,,,,,,,,,,,,,,,SP-213,Chaudhuri-Srinivas,Super Topup,North,CUST-827043,Individual,Annual,Gold,BR-75,ARM-5,2024-05-08,Agency,Direct,"Kar, Gaba and Seth",BP-318,Agent,Bahadurjit Menon,Imphal,RM-44,Henry Borah,Standard,1,5,Onkar Prashad,Issued,Aurangabad Branch,West Zone,Sonipat Office,East,Digital,2025-11-24 10:29:49.479565,24,Advisor,Ludhiana,296201,11061.91,1687.41,0.0,0.0,0.0,Y,PAY-43397,Male,1957-11-05,nimratzachariah@example.com,4431069872,FSQOM0506E,"H.No. 324, Solanki Zila, Aizawl-774186",LMLFGB2C,Portability,,,,General practice doctor,Manipur,1,Offline,0.0,Lall-Kara,,,,,STP,9374.5,CKYC-7890193183,2025-07-02,RM-50,Matthew Chatterjee,2025,7,kamaljeet.singh@sentra.com
POL-46142898,PROP-72672055,AGT-2257,Renewal,Retail,Individual,2024-12-24,2025-12-24,1.0,2024,12,Agency,2024-12-24,Super Topup,PKG-1,MAX-4,42223.76,671.14,2024-12-21,Comprehensive,42223.76,ACTIVE,500000,3,12,,,2024-12-24,72,Online,Outstation,Karur Vysya Bank,RCPT-793202,Cleared,,TXN-2532855799,Approved,RM-72,BR-46,N,,RBMQ6879374160898,,N,2024-12-24,2024-12-21,2024-12-24,,,Direct,42223.76,OPD Care,1500,,,,,,,,,,,,,,,,,,,SP-124,"Din, Dara and Sen",Super Topup,North,CUST-181276,Individual,Annual,Gold,BR-42,ARM-1,2024-09-09,Agency,Direct,Kakar and Sons,BP-281,Agent,Brijesh Sampath,Raebareli,RM-46,Manbir Kuruvilla,Standard,1,3,Ekalinga Chahal,Issued,Miryalaguda Branch,West Zone,Suryapet Office,South,Digital,2025-11-24 10:29:49.480485,24,Advisor,Bally,99861,49824.04,7600.279999999999,0.0,0.0,0.0,Y,PAY-54321,Female,1954-04-29,cherianharrison@example.com,5646799702,MRSZC4629Z,"H.No. 745, Nazareth Nagar, Bijapur 713247",IXNTGBFM2N0,,,,,Radio producer,Tripura,1,Online,0.0,,,POL-OLD-332,2024-12-23,,STP,42223.76,CKYC-8831336766,2024-12-21,RM-6,Dominic Mukhopadhyay,2024,12,kamaljeet.singh@sentra.com
POL-54141437,PROP-18206610,AGT-5532,Renewal,Retail,Individual,2025-08-09,2026-08-09,1.0,2025,8,Broker,2025-08-09,Senior Care,PKG-4,MAX-3,32115.27,4980.1,2025-07-31,Comprehensive,32115.27,ACTIVE,300000,1,8,,,2025-08-09,40,Online,Local,Bank of India,RCPT-182176,Cleared,,TXN-3577406847,Approved,RM-65,BR-17,Y,,BHBO0534578610357,,N,2025-08-09,2025-07-31,2025-08-09,,,Direct,32115.27,OPD Care,1500,,,,,,,,,,,,,,,,,,,SP-474,"Sehgal, Goel and Som",Group Activ,North,CUST-615388,Individual,Annual,Gold,BR-50,ARM-3,2023-02-06,Agency,Direct,Gade-Kuruvilla,BP-156,Agent,Bhavani Bala,Dhanbad,RM-31,Tanish Kant,Standard,1,5,Samuel Luthra,Issued,Anand Branch,East Zone,Bangalore Office,South,Digital,2025-11-24 10:29:49.481403,24,Advisor,Mira-Bhayandar,903494,37896.02,5780.749999999996,0.0,0.0,0.0,Y,PAY-93420,Male,2005-10-26,pallavi65@example.com,3748969108,STRGE5899E,"54/443, Varughese Street, Howrah 520744",MMXBGBMVO84,,,,,Mechanical engineer,Mizoram,1,Online,0.0,,,POL-OLD-582,2025-08-08,,NSTP,32115.27,CKYC-2397657114,2025-07-31,RM-47,Gunbir Sinha,2025,8,kamaljeet.singh@sentra.com
POL-34715663,PROP-97332902,AGT-6192,New Business,Retail,Group,2025-01-08,2026-01-08,1.0,2025,1,Digital,2025-01-08,Super Topup,PKG-3,MAX-2,21371.28,1176.58,2025-01-01,Comprehensive,0.0,ACTIVE,300000,3,1,,,2025-01-08,37,CC,Outstation,State Bank of India,RCPT-992921,Cleared,712730.0,TXN-8158681911,Approved,RM-41,BR-8,N,,UCHL3465549471709,,N,2025-01-08,2025-01-01,2025-01-08,,,Direct,21371.28,OPD Care,1500,,,,,,,,,,,,,,,,,,,SP-288,"Bobal, Sodhi and Hayer",Health Secure,East,CUST-524788,Individual,Annual,Gold,BR-36,ARM-3,2021-05-17,Agency,Direct,"Raj, Wagle and Misra",BP-502,Agent,Chatura Dora,Kollam,RM-6,Nimrat Shankar,Standard,1,4,Diya Gole,Issued,Morbi Branch,East Zone,Belgaum Office,West,Digital,2025-11-24 10:29:49.482384,24,Advisor,Howrah,743292,25218.11,3846.8300000000017,0.0,0.0,0.0,Y,PAY-64169,Female,1994-05-13,dayalradha@example.net,6676008350,RAOUP5830O,"168, Mohan, Amritsar 447898",NVEKGB5WMKZ,,,,,Advertising account executive,Haryana,1,Offline,0.0,,,,,,NSTP,21371.28,CKYC-9553387515,2025-01-01,RM-34,Siddharth Bains,2025,1,kamaljeet.singh@sentra.com
POL-22680748,PROP-16530521,AGT-6343,New Business,Retail,Group,2025-06-26,2026-06-26,1.0,2025,6,Banca,2025-06-26,Health Secure,PKG-5,MAX-5,48802.94,1971.07,2025-06-20,Base,0.0,ACTIVE,1000000,2,6,,,2025-06-26,72,DD,Local,IndusInd Bank,RCPT-745652,Cleared,682141.0,TXN-3402160254,Approved,RM-87,BR-23,Y,,MUIY8909010016761,,Y,2025-06-26,2025-06-20,2025-06-26,,,Direct,48802.94,OPD Care,1500,,,,,,,,,,,,,,,,,,,SP-467,"Krishnan, Som and Dua",Health Secure,West,CUST-215477,Individual,Annual,Gold,BR-27,ARM-4,2023-09-04,Agency,Direct,"Andra, Mitra and Salvi",BP-372,Agent,Zinal Madan,Gurgaon,RM-4,Yasti Dalal,Standard,1,3,Ishaan Cherian,Issued,Davanagere Branch,North Zone,Firozabad Office,West,Digital,2025-11-24 10:29:49.483346,24,Advisor,Secunderabad,420873,57587.47,8784.529999999999,0.0,0.0,0.0,Y,PAY-90204,Female,2003-09-07,wahab00@example.net,911972181143,DGLCS7447X,"11/002, Narasimhan Street, Bahraich 155216",OIMWGB40KHI,,,,,Barrister's clerk,West Bengal,1,Online,0.0,,,,,,STP,48802.94,CKYC-684598046,2025-06-20,RM-24,Vasudha Sarma,2025,6,kamaljeet.singh@sentra.com
POL-50969286,PROP-48130331,AGT-7410,Renewal,Retail,Group,2025-01-28,2026-01-28,1.0,2025,1,Banca,2025-01-28,Senior Care,PKG-1,MAX-4,14320.78,2631.54,2025-01-24,Base,14320.78,ACTIVE,300000,3,1,,,2025-01-28,65,CC,Local,Bank of India,RCPT-904476,Cleared,717712.0,TXN-3830092090,Approved,RM-61,BR-27,N,,PPDN7014508993588,,Y,2025-01-28,2025-01-24,2025-01-28,,,Direct,14320.78,OPD Care,1500,,,,,,,,,,,,,,,,,,,SP-763,"Chandran, Sant and Kothari",Super Topup,North,CUST-505339,Individual,Annual,Gold,BR-92,ARM-3,2022-04-12,Agency,Direct,"Rajan, Dixit and Bhagat",BP-866,Agent,Naksh Tiwari,Shimla,RM-37,Falan Swamy,Standard,1,4,Wridesh Narayanan,Issued,Dhanbad Branch,East Zone,Jamalpur Office,East,Digital,2025-11-24 10:29:49.484282,24,Advisor,Sambhal,177971,16898.52,2577.74,0.0,0.0,0.0,Y,PAY-65333,Female,1973-01-23,tankandrew@example.org,6088019948,XDODV8375J,"71/130, Pant Path, Motihari-102726",ITGGGBHZ,,,,,"Engineer, structural",Manipur,1,Offline,0.0,,,POL-OLD-241,2025-01-27,,NSTP,14320.78,CKYC-9408464159,2025-01-24,RM-28,Hritik Sachdeva,2025,1,kamaljeet.singh@sentra.com
POL-84992096,PROP-90213341,AGT-3184,Portability,Retail,Group,2024-12-10,2025-12-10,1.0,2024,12,Agency,2024-12-10,Health Secure,PKG-3,MAX-5,14053.25,1459.21,2024-12-02,Comprehensive,0.0,ACTIVE,500000,4,12,,,2024-12-10,54,CC,Local,Punjab National Bank,RCPT-809652,Cleared,,TXN-8125023089,Approved,RM-40,BR-23,N,,OVSQ2708086978292,,N,2024-12-10,2024-12-02,2024-12-10,,,Direct,14053.25,OPD Care,1500,,,,,,,,,,,,,,,,,,,SP-539,"Dave, Chawla and Ram",Senior Care,West,CUST-689461,Individual,Annual,Gold,BR-13,ARM-5,2023-04-19,Agency,Direct,Thaman-Rajagopalan,BP-851,Agent,Yuvraj Mahal,Tiruvottiyur,RM-9,Sneha Deol,Standard,1,1,Nitara Vala,Issued,Motihari Branch,South Zone,Begusarai Office,North,Digital,2025-11-24 10:29:49.485211,24,Advisor,Kollam,945228,16582.83,2529.5800000000017,0.0,0.0,0.0,Y,PAY-71105,Female,1988-08-21,jack58@example.com,9684608106,RWYKS2003R,"H.No. 438, Parmer Nagar, Kota 863840",MNZVGBU9DAQ,Portability,,,,"Engineer, electrical",Punjab,1,Online,0.0,Kar-Pillai,,,,,NSTP,14053.25,CKYC-2591527330,2024-12-02,RM-24,Chaitaly Sen,2024,12,kamaljeet.singh@sentra.com
POL-91624920,PROP-9995059,AGT-6470,Portability,Retail,Individual,2025-01-26,2026-01-26,1.0,2025,1,Digital,2025-01-26,Super Topup,PKG-4,MAX-5,37306.58,4149.59,2025-01-17,Comprehensive,0.0,ACTIVE,300000,4,1,,,2025-01-26,49,DD,Local,State Bank of India,RCPT-182237,Cleared,770786.0,TXN-2206955437,Approved,RM-70,BR-25,Y,,MBNI8422940572025,,Y,2025-01-26,2025-01-17,2025-01-26,,,Direct,37306.58,OPD Care,1500,,,,,,,,,,,,,,,,,,,SP-205,"Behl, Mitra and Swaminathan",Health Secure,West,CUST-828278,Individual,Annual,Gold,BR-62,ARM-4,2023-03-09,Agency,Direct,Bora-Nadkarni,BP-535,Agent,Qarin Verma,Dibrugarh,RM-42,Ojasvi Yadav,Standard,1,5,George Palla,Issued,Kakinada Branch,East Zone,Bathinda Office,North,Digital,2025-11-24 10:29:49.486081,24,Advisor,Durg,987801,44021.76,6715.18,0.0,0.0,0.0,Y,PAY-87679,Female,1966-09-11,yagneshbaral@example.net,6164840858,SPMUG8770F,"80/13, Samra Ganj, Tiruppur 120750",CBFZGBQ9,Portability,,,,Building services engineer,Odisha,1,Online,0.0,Kuruvilla Group,,,,,STP,37306.58,CKYC-5961554653,2025-01-17,RM-14,Rachita Mutti,2025,1,kamaljeet.singh@sentra.com
POL-90368626,PROP-15878730,AGT-7623,Renewal,Retail,Group,2024-11-29,2025-11-29,1.0,2024,11,Broker,2024-11-29,Health Secure,PKG-3,MAX-2,9695.95,3145.28,2024-11-27,Base,9695.95,ACTIVE,300000,2,11,,,2024-11-29,57,DD,Local,Bank of Baroda,RCPT-672580,Cleared,755274.0,TXN-2655790301,Approved,RM-47,BR-33,N,,YXSB1581449147660,,Y,2024-11-29,2024-11-27,2024-11-29,,,Direct,9695.95,OPD Care,1500,,,,,,,,,,,,,,,,,,,SP-248,Dugar-Walla,Senior Care,North,CUST-230545,Individual,Annual,Gold,BR-42,ARM-1,2021-06-10,Agency,Direct,Merchant-Dhawan,BP-256,Agent,Kashvi Apte,Amravati,RM-25,Abdul Ramesh,Standard,1,4,Dalaja Kade,Issued,Rajpur Sonarpur Branch,West Zone,Anand Office,North,Digital,2025-11-24 10:29:49.487032,24,Advisor,Nanded,394312,11441.22,1745.2699999999986,0.0,0.0,0.0,Y,PAY-87946,Male,1995-04-11,shenoyelijah@example.com,1413975523,MUFCV1491N,"95/56, Agrawal Street, Shahjahanpur 645257",OLYJGB59GLF,,,,,Health visitor,West Bengal,1,Offline,0.0,,,POL-OLD-383,2024-11-28,,STP,9695.95,CKYC-3549548567,2024-11-27,RM-8,Adya Bose,2024,11,kamaljeet.singh@sentra.com
POL-2500515,PROP-68072320,AGT-9032,Renewal,Retail,Group,2025-08-16,2026-08-16,1.0,2025,8,Broker,2025-08-16,Group Activ,PKG-2,MAX-5,45493.08,2095.31,2025-08-07,Comprehensive,45493.08,ACTIVE,300000,1,8,,,2025-08-16,22,DD,Outstation,Bank of India,RCPT-852117,Cleared,610156.0,TXN-6781327255,Approved,RM-83,BR-35,Y,,YSGB8488725639427,,Y,2025-08-16,2025-08-07,2025-08-16,,,Direct,45493.08,OPD Care,1500,,,,,,,,,,,,,,,,,,,SP-840,"Uppal, Chana and Ranganathan",Senior Care,East,CUST-381540,Individual,Annual,Gold,BR-32,ARM-1,2022-11-26,Agency,Direct,"Khare, Gandhi and Varkey",BP-805,Agent,Sanaya Dutta,Buxar,RM-48,Veda Parmer,Standard,1,1,Theodore Sura,Issued,Rajkot Branch,East Zone,Uluberia Office,West,Digital,2025-11-24 10:29:49.488021,24,Advisor,Kalyan-Dombivli,856770,53681.83,8188.75,0.0,0.0,0.0,Y,PAY-5230,Male,2006-09-03,harshil84@example.net,9892665918,ZWWFY4638E,"23, Varkey Zila, Rajpur Sonarpur 225913",ZKXDGB444NK,,,,,Paediatric nurse,Andhra Pradesh,1,Online,0.0,,,POL-OLD-923,2025-08-15,,STP,45493.08,CKYC-1046556006,2025-08-07,RM-4,Naveen Desai,2025,8,kamaljeet.singh@sentra.com
POL-5260108,PROP-76808685,AGT-6593,Renewal,Retail,Individual,2025-07-11,2026-07-11,1.0,2025,7,Digital,2025-07-11,Super Topup,PKG-5,MAX-1,5906.1,2728.71,2025-07-07,Comprehensive,5906.1,ACTIVE,1000000,4,7,,,2025-07-11,59,DD,Local,Union Bank of India,RCPT-58627,Cleared,,TXN-5009398024,Approved,RM-3,BR-40,Y,,FQMT9041379772369,,N,2025-07-11,2025-07-07,2025-07-11,,,Direct,5906.1,OPD Care,1500,,,,,,,,,,,,,,,,,,,SP-386,Gopal PLC,Super Topup,South,CUST-691691,Individual,Annual,Gold,BR-44,ARM-5,2022-12-09,Agency,Direct,Oommen Group,BP-312,Agent,Victor Radhakrishnan,Mira-Bhayandar,RM-43,Amol Jain,Standard,1,4,Mason Char,Issued,Fatehpur Branch,North Zone,Katihar Office,South,Digital,2025-11-24 10:29:49.488962,24,Advisor,Tiruchirappalli,298068,6969.2,1063.0999999999997,0.0,0.0,0.0,Y,PAY-55139,Male,1968-03-25,waglepushti@example.org,6599162473,AQMAT1498V,"06/35, Pathak Marg, Bhatpara 944869",TIVMGBN0994,,,,,Editorial assistant,Kerala,1,Online,0.0,,,POL-OLD-619,2025-07-10,,NSTP,5906.1,CKYC-6372701375,2025-07-07,RM-47,Hemangini Rao,2025,7,kamaljeet.singh@sentra.com
POL-88487446,PROP-15983420,AGT-2255,New Business,Retail,Individual,2025-08-19,2026-08-19,1.0,2025,8,Banca,2025-08-19,Senior Care,PKG-4,MAX-3,31818.05,4685.71,2025-08-08,Base,0.0,ACTIVE,1000000,3,8,,,2025-08-19,70,DD,Outstation,CSB Bank,RCPT-468288,Cleared,821149.0,TXN-694904767,Approved,RM-36,BR-48,N,,GQMZ5890260127961,,N,2025-08-19,2025-08-08,2025-08-19,,,Direct,31818.05,OPD Care,1500,,,,,,,,,,,,,,,,,,,SP-941,Lall and Sons,Health Secure,East,CUST-388848,Individual,Annual,Gold,BR-37,ARM-2,2021-03-19,Agency,Direct,Rajagopalan Group,BP-286,Agent,Dakshesh Gill,Bahraich,RM-29,Saksham Vasa,Standard,1,5,Robert Bandi,Issued,Srikakulam Branch,North Zone,Vadodara Office,North,Digital,2025-11-24 10:29:49.489917,24,Advisor,Mathura,214656,37545.3,5727.250000000004,0.0,0.0,0.0,Y,PAY-53143,Male,1981-10-26,biswasgautam@example.net,8955439376,AGGJE9042G,"H.No. 848, Krishna, Burhanpur 357790",DICMGBOOU0W,,,,,"Scientist, clinical (histocompatibility and immunogenetics)",Nagaland,1,Online,0.0,,,,,,NSTP,31818.05,CKYC-8631695368,2025-08-08,RM-38,Yuvraj Mani,2025,8,kamaljeet.singh@sentra.com
POL-90422203,PROP-45901507,AGT-1610,Portability,Retail,Floater,2024-12-27,2025-12-27,1.0,2024,12,Banca,2024-12-27,Group Activ,PKG-1,MAX-4,23927.58,1389.78,2024-12-24,Base,0.0,ACTIVE,500000,4,12,,,2024-12-27,39,CC,Local,Central Bank of India,RCPT-581489,Cleared,,TXN-4000316394,Approved,RM-97,BR-21,N,,PKLG9423733343333,,N,2024-12-27,2024-12-24,2024-12-27,,,Direct,23927.58,OPD Care,1500,,,,,,,,,,,,,,,,,,,SP-327,"Parekh, Dugal and Chhabra",Health Secure,South,CUST-125701,Individual,Annual,Gold,BR-11,ARM-2,2024-07-29,Agency,Direct,"Tailor, Ahuja and Basak",BP-273,Agent,Kamya Murty,Ramgarh,RM-28,Vritti Goswami,Standard,1,3,Mitali Kapadia,Issued,Meerut Branch,North Zone,Morena Office,East,Digital,2025-11-24 10:29:49.490853,24,Advisor,Ambala,627187,28234.54,4306.959999999999,0.0,0.0,0.0,Y,PAY-41373,Female,1988-04-25,kadeladli@example.net,915594284347,FBNAS9552W,"47, Deep Street, Salem 386632",PZAFGB05,Portability,,,,Contractor,West Bengal,1,Online,0.0,"Varughese, Walla and Mutti",,,,,STP,23927.58,CKYC-7667946580,2024-12-24,RM-11,Zashil Batta,2024,12,kamaljeet.singh@sentra.com
POL-92683136,PROP-21923376,AGT-3335,Portability,Retail,Individual,2025-04-17,2026-04-17,1.0,2025,4,Digital,2025-04-17,Super Topup,PKG-2,MAX-1,32522.16,4590.11,2025-04-15,Base,0.0,ACTIVE,1000000,4,4,,,2025-04-17,39,Cheque,Outstation,Canara Bank,RCPT-225933,Cleared,853350.0,TXN-5387133174,Approved,RM-50,BR-23,Y,,UDOX5455884506159,,Y,2025-04-17,2025-04-15,2025-04-17,,,Direct,32522.16,OPD Care,1500,,,,,,,,,,,,,,,,,,,SP-387,Yohannan and Sons,Senior Care,West,CUST-818213,Individual,Annual,Gold,BR-65,ARM-4,2022-01-12,Agency,Direct,Uppal-Sura,BP-326,Agent,Farhan Raj,Madhyamgram,RM-23,Oliver Nazareth,Standard,1,4,Nidhi Bora,Issued,Nanded Branch,East Zone,Ambattur Office,South,Digital,2025-11-24 10:29:49.491796,24,Advisor,Ratlam,496475,38376.15,5853.990000000002,0.0,0.0,0.0,Y,PAY-98028,Male,1981-11-15,ksachdev@example.org,912341326111,XZHWF7800G,"H.No. 643, Mander Ganj, Cuttack 820055",ORIRGB2I8L3,Portability,,,,"Surveyor, rural practice",Maharashtra,1,Online,0.0,"Walla, Mukherjee and Palan",,,,,NSTP,32522.16,CKYC-4679598896,2025-04-15,RM-47,Jasmit Sachar,2025,4,kamaljeet.singh@sentra.com
POL-40744867,PROP-1416778,AGT-2296,Portability,Retail,Floater,2025-02-26,2026-02-26,1.0,2025,2,Agency,2025-02-26,Group Activ,PKG-3,MAX-2,15991.77,4129.77,2025-02-19,Comprehensive,0.0,ACTIVE,1000000,3,2,,,2025-02-26,64,DD,Local,Bank of Baroda,RCPT-548736,Cleared,854987.0,TXN-4880373288,Approved,RM-89,BR-8,N,,JPRA7740649308536,,N,2025-02-26,2025-02-19,2025-02-26,,,Direct,15991.77,OPD Care,1500,,,,,,,,,,,,,,,,,,,SP-309,"Sarkar, Rana and Krish",Health Secure,East,CUST-171200,Individual,Annual,Gold,BR-47,ARM-5,2023-10-03,Agency,Direct,"Ramakrishnan, Radhakrishnan and Kannan",BP-270,Agent,Fariq Sami,Hazaribagh,RM-14,Bhavani Wali,Standard,1,2,Nitara Guha,Issued,South Dumdum Branch,North Zone,Ramagundam Office,South,Digital,2025-11-24 10:29:49.492766,24,Advisor,Sirsa,497350,18870.29,2878.5200000000004,0.0,0.0,0.0,Y,PAY-19942,Female,1948-01-10,grewalharsh@example.com,2703120735,DSYCV6475F,"H.No. 61, Singhal Circle, Nellore-601367",XBGOGBG7,Portability,,,,"Engineer, manufacturing",Meghalaya,1,Offline,0.0,Muni-Naidu,,,,,NSTP,15991.77,CKYC-9271165521,2025-02-19,RM-18,Jason Kulkarni,2025,2,kamaljeet.singh@sentra.com
POL-40106013,PROP-26672234,AGT-1549,Renewal,Retail,Floater,2025-05-18,2026-05-18,1.0,2025,5,Agency,2025-05-18,Health Secure,PKG-2,MAX-3,45126.94,4336.08,2025-05-16,Base,45126.94,ACTIVE,500000,4,5,,,2025-05-18,73,Online,Outstation,IndusInd Bank,RCPT-930631,Cleared,54617.0,TXN-485024047,Approved,RM-33,BR-14,N,,UNKA2491630097925,,Y,2025-05-18,2025-05-16,2025-05-18,,,Direct,45126.94,OPD Care,1500,,,,,,,,,,,,,,,,,,,SP-712,Kothari and Sons,Super Topup,West,CUST-524203,Individual,Annual,Gold,BR-24,ARM-1,2021-04-05,Agency,Direct,"Nigam, Bhasin and Bhasin",BP-893,Agent,Mitesh Yadav,Cuttack,RM-42,Viraj Nadig,Standard,1,4,Reva Hans,Issued,Burhanpur Branch,South Zone,Guntur Office,East,Digital,2025-11-24 10:29:49.493708,24,Advisor,Thane,784873,53249.79,8122.8499999999985,0.0,0.0,0.0,Y,PAY-74278,Male,1956-08-27,ekiya74@example.net,2182744857,BNXXN0862P,"86/387, Dube Circle, North Dumdum 511810",FBGDGB5M,,,,,Child psychotherapist,Arunachal Pradesh,1,Offline,0.0,,,POL-OLD-871,2025-05-17,,STP,45126.94,CKYC-7886846400,2025-05-16,RM-23,Aahana Bawa,2025,5,kamaljeet.singh@sentra.com
POL-81329718,PROP-96347551,AGT-5419,Portability,Retail,Floater,2025-04-06,2026-04-06,1.0,2025,4,Broker,2025-04-06,Senior Care,PKG-4,MAX-2,46575.54,2903.47,2025-03-22,Comprehensive,0.0,ACTIVE,500000,3,4,,,2025-04-06,31,CC,Outstation,Central Bank of India,RCPT-13721,Cleared,,TXN-9486457866,Approved,RM-35,BR-5,Y,,PCOZ0586509480141,,Y,2025-04-06,2025-03-22,2025-04-06,,,Direct,46575.54,OPD Care,1500,,,,,,,,,,,,,,,,,,,SP-946,Venkataraman Inc,Senior Care,North,CUST-106142,Individual,Annual,Gold,BR-20,ARM-4,2023-10-18,Agency,Direct,"Rajan, Gupta and Hans",BP-726,Agent,Praneel Sagar,Gangtok,RM-10,Tara Sane,Standard,1,4,Ojas Gole,Issued,Dibrugarh Branch,West Zone,Sangli-Miraj & Kupwad Office,West,Digital,2025-11-24 10:29:49.494820,24,Advisor,Nagercoil,855665,54959.14,8383.599999999999,0.0,0.0,0.0,Y,PAY-79745,Female,1960-01-24,keyakumar@example.com,7600490824,UBXSR0433J,"H.No. 752, Lanka Street, Ballia-344196",XCXKGB4L,Portability,,,,Ranger/warden,Uttarakhand,1,Offline,0.0,"Chandran, Mital and Barad",,,,,STP,46575.54,CKYC-6770086931,2025-03-22,RM-35,Daksh Natt,2025,4,kamaljeet.singh@sentra.com
POL-58291349,PROP-55904597,AGT-5632,Portability,Retail,Floater,2025-03-30,2026-03-30,1.0,2025,3,Agency,2025-03-30,Health Secure,PKG-2,MAX-3,29888.89,2810.42,2025-03-29,Base,0.0,ACTIVE,300000,4,3,,,2025-03-30,69,Online,Local,Punjab National Bank,RCPT-912037,Cleared,807812.0,TXN-9563679577,Approved,RM-46,BR-47,Y,,UTAU6048058925832,,Y,2025-03-30,2025-03-29,2025-03-30,,,Direct,29888.89,OPD Care,1500,,,,,,,,,,,,,,,,,,,SP-699,Ramaswamy Group,Super Topup,South,CUST-789410,Individual,Annual,Gold,BR-96,ARM-4,2023-04-11,Agency,Direct,"Chana, Kapadia and Sankaran",BP-901,Agent,Meera Divan,Naihati,RM-23,Vamakshi Bawa,Standard,1,3,Adweta Chada,Issued,Orai Branch,West Zone,Bikaner Office,West,Digital,2025-11-24 10:29:49.495880,24,Advisor,Ongole,769389,35268.89,5380.0,0.0,0.0,0.0,Y,PAY-96425,Female,1977-12-03,ekballata@example.com,9116655355,WNZCN9042J,"352, Chowdhury Zila, Latur-405147",AKGXGB8NN87,Portability,,,,Further education lecturer,Nagaland,1,Offline,0.0,Dhaliwal-Badami,,,,,NSTP,29888.89,CKYC-2262584884,2025-03-29,RM-40,Onkar Bhasin,2025,3,kamaljeet.singh@sentra.com
POL-93486229,PROP-82941828,AGT-1412,Renewal,Retail,Individual,2025-03-06,2026-03-06,1.0,2025,3,Agency,2025-03-06,Senior Care,PKG-2,MAX-3,28040.14,794.39,2025-02-25,Comprehensive,28040.14,ACTIVE,1000000,1,3,,,2025-03-06,37,DD,Local,Dhanlaxmi Bank,RCPT-55663,Cleared,487546.0,TXN-35795037,Approved,RM-44,BR-10,N,,MVIV5104636815798,,N,2025-03-06,2025-02-25,2025-03-06,,,Direct,28040.14,OPD Care,1500,,,,,,,,,,,,,,,,,,,SP-423,Grewal and Sons,Group Activ,South,CUST-524970,Individual,Annual,Gold,BR-99,ARM-3,2024-10-05,Agency,Direct,"Bains, Baral and Kota",BP-237,Agent,Gauri Suri,Sangli-Miraj & Kupwad,RM-46,Idika Pandey,Standard,1,1,Chasmum Keer,Issued,Ghaziabad Branch,South Zone,Munger Office,North,Digital,2025-11-24 10:29:49.496898,24,Advisor,Miryalaguda,325621,33087.37,5047.230000000003,0.0,0.0,0.0,Y,PAY-95668,Male,1968-12-22,omishakhosla@example.net,916495782329,STHIB8324X,"H.No. 18, Dani Circle, Ratlam-056647",EYGDGBILBRO,,,,,"Therapist, occupational",Haryana,1,Online,0.0,,,POL-OLD-924,2025-03-05,,NSTP,28040.14,CKYC-9581695695,2025-02-25,RM-32,Jagrati Buch,2025,3,kamaljeet.singh@sentra.com
POL-63968467,PROP-17996802,AGT-4327,Portability,Retail,Floater,2025-08-01,2026-08-01,1.0,2025,8,Digital,2025-08-01,Senior Care,PKG-4,MAX-2,14980.93,3361.95,2025-07-31,Comprehensive,0.0,ACTIVE,300000,1,8,,,2025-08-01,29,DD,Outstation,Yes Bank,RCPT-887240,Cleared,,TXN-6892184524,Approved,RM-3,BR-45,Y,,WULF6772233060463,,N,2025-08-01,2025-07-31,2025-08-01,,,Direct,14980.93,OPD Care,1500,,,,,,,,,,,,,,,,,,,SP-421,"Jain, Jayaraman and Bhatti",Super Topup,North,CUST-185679,Individual,Annual,Gold,BR-80,ARM-1,2024-08-08,Agency,Direct,Suri-Nair,BP-537,Agent,Yatin Sane,Kalyan-Dombivli,RM-16,Dhriti Ramesh,Standard,1,3,Ikbal Seth,Issued,Kalyan-Dombivli Branch,West Zone,Kadapa Office,West,Digital,2025-11-24 10:29:49.498043,24,Advisor,Thane,803476,17677.5,2696.57,0.0,0.0,0.0,Y,PAY-39918,Male,1993-08-21,triya26@example.com,827718129,UCBLD8266L,"H.No. 452, Chand Zila, Hospet-186892",RMBYGBKVJKJ,Portability,,,,Editorial assistant,Tripura,1,Online,0.0,"Behl, Saini and Morar",,,,,STP,14980.93,CKYC-9919305585,2025-07-31,RM-14,Bhavya Golla,2025,8,kamaljeet.singh@sentra.com
POL-17659164,PROP-27226295,AGT-1191,New Business,Retail,Group,2025-01-05,2026-01-05,1.0,2025,1,Broker,2025-01-05,Senior Care,PKG-5,MAX-5,39149.54,2224.36,2024-12-22,Base,0.0,ACTIVE,1000000,3,1,,,2025-01-05,66,CC,Outstation,Bank of Baroda,RCPT-652801,Cleared,,TXN-7582317251,Approved,RM-18,BR-29,Y,,AOPP8097339776719,,N,2025-01-05,2024-12-22,2025-01-05,,,Direct,39149.54,OPD Care,1500,,,,,,,,,,,,,,,,,,,SP-623,"Ahuja, Konda and Mall",Health Secure,South,CUST-649871,Individual,Annual,Gold,BR-46,ARM-3,2023-05-30,Agency,Direct,Bawa and Sons,BP-342,Agent,Christopher Palla,Ulhasnagar,RM-34,Chanchal Narula,Standard,1,2,Chandran Chopra,Issued,Mangalore Branch,South Zone,Anantapuram Office,South,Digital,2025-11-24 10:29:49.499044,24,Advisor,Sirsa,14556,46196.46,7046.919999999998,0.0,0.0,0.0,Y,PAY-8869,Female,1992-09-04,masterurishilla@example.org,914586833901,USMYT9817S,"H.No. 89, Pandya, Srikakulam-877293",GADAGB3HN00,,,,,Armed forces technical officer,Karnataka,1,Offline,0.0,,,,,,NSTP,39149.54,CKYC-911984483,2024-12-22,RM-25,Baghyawati Kumar,2025,1,kamaljeet.singh@sentra.com
POL-41308532,PROP-40303435,AGT-6747,New Business,Retail,Group,2025-09-08,2026-09-08,1.0,2025,9,Banca,2025-09-08,Senior Care,PKG-3,MAX-5,45022.99,1206.21,2025-09-05,Comprehensive,0.0,ACTIVE,500000,4,9,,,2025-09-08,25,CC,Outstation,Yes Bank,RCPT-576710,Cleared,,TXN-26333597,Approved,RM-33,BR-40,N,,VKKM9902355770272,,N,2025-09-08,2025-09-05,2025-09-08,,,Direct,45022.99,OPD Care,1500,,,,,,,,,,,,,,,,,,,SP-460,"Sharma, Yadav and Nayak",Group Activ,West,CUST-484935,Individual,Annual,Gold,BR-80,ARM-2,2024-01-12,Agency,Direct,Bhalla-Verma,BP-417,Agent,Diya Wason,Dhule,RM-27,Irya Bhatti,Standard,1,1,Avni Balasubramanian,Issued,Gandhinagar Branch,North Zone,Aurangabad Office,West,Digital,2025-11-24 10:29:49.499987,24,Advisor,Gaya,450461,53127.13,8104.139999999999,0.0,0.0,0.0,Y,PAY-65149,Male,2000-02-24,siya43@example.net,2150317807,EUHTX8235U,"23/07, Vig Marg, Kolkata-091570",QYVXGBTB,,,,,Technical brewer,Tripura,1,Offline,0.0,,,,,,NSTP,45022.99,CKYC-9930578136,2025-09-05,RM-32,Ekani Iyer,2025,9,kamaljeet.singh@sentra.com
POL-37131272,PROP-71440849,AGT-8257,Portability,Retail,Group,2025-02-01,2026-02-01,1.0,2025,2,Broker,2025-02-01,Senior Care,PKG-2,MAX-3,31582.68,3329.07,2025-01-18,Base,0.0,ACTIVE,500000,4,2,,,2025-02-01,63,Cheque,Local,ICICI Bank,RCPT-810326,Cleared,462543.0,TXN-2882455823,Approved,RM-28,BR-34,Y,,IEFI1098813858542,,Y,2025-02-01,2025-01-18,2025-02-01,,,Direct,31582.68,OPD Care,1500,,,,,,,,,,,,,,,,,,,SP-391,"Mander, Konda and Garg",Health Secure,North,CUST-74703,Individual,Annual,Gold,BR-70,ARM-5,2022-02-20,Agency,Direct,Zachariah-Sawhney,BP-623,Agent,Kalpit Balakrishnan,Dhanbad,RM-33,Leela Bhagat,Standard,1,5,Pooja Ramanathan,Issued,Kavali Branch,East Zone,Tadepalligudem Office,East,Digital,2025-11-24 10:29:49.500892,24,Advisor,Bijapur,381792,37267.56,5684.879999999997,0.0,0.0,0.0,Y,PAY-12178,Female,1996-02-08,dchatterjee@example.com,7733294562,BEEHW5577E,"H.No. 59, Datta, Machilipatnam-581487",SNHTGBP9K4Y,Portability,,,,Brewing technologist,Karnataka,1,Offline,0.0,Sankar Group,,,,,STP,31582.68,CKYC-2981279224,2025-01-18,RM-5,Faras Sur,2025,2,kamaljeet.singh@sentra.com
POL-80003898,PROP-62130518,AGT-1201,Portability,Retail,Individual,2025-01-03,2026-01-03,1.0,2025,1,Agency,2025-01-03,Group Activ,PKG-2,MAX-2,33560.34,4664.64,2025-01-02,Base,0.0,ACTIVE,300000,1,1,,,2025-01-03,28,DD,Outstation,ICICI Bank,RCPT-582051,Cleared,,TXN-1912189154,Approved,RM-66,BR-38,N,,JMCT1965701329022,,N,2025-01-03,2025-01-02,2025-01-03,,,Direct,33560.34,OPD Care,1500,,,,,,,,,,,,,,,,,,,SP-964,Wali-Manne,Group Activ,North,CUST-408926,Individual,Annual,Gold,BR-95,ARM-4,2023-05-11,Agency,Direct,Hayre-Jha,BP-293,Agent,Chandani Modi,Hapur,RM-49,Abhiram Uppal,Standard,1,4,Joshua Menon,Issued,Uluberia Branch,West Zone,Mumbai Office,West,Digital,2025-11-24 10:29:49.502097,24,Advisor,Bhubaneswar,36965,39601.2,6040.860000000001,0.0,0.0,0.0,Y,PAY-93293,Male,1969-01-04,isaran@example.org,2723865624,PBJUF2201Q,"H.No. 267, Sandal, Malda-876532",TASPGBP6R08,Portability,,,,Technical author,Kerala,1,Online,0.0,Barad PLC,,,,,STP,33560.34,CKYC-1583033048,2025-01-02,RM-2,Fariq Dhar,2025,1,kamaljeet.singh@sentra.com
POL-70653292,PROP-37503167,AGT-5599,New Business,Retail,Floater,2025-08-17,2026-08-17,1.0,2025,8,Banca,2025-08-17,Super Topup,PKG-3,MAX-4,48240.47,3416.45,2025-08-16,Comprehensive,0.0,ACTIVE,300000,4,8,,,2025-08-17,42,Online,Outstation,RBL Bank,RCPT-542060,Cleared,82034.0,TXN-2620233330,Approved,RM-43,BR-47,Y,,HPUX1894905807787,,Y,2025-08-17,2025-08-16,2025-08-17,,,Direct,48240.47,OPD Care,1500,,,,,,,,,,,,,,,,,,,SP-868,"Narula, Sama and Pandit",Super Topup,North,CUST-836997,Individual,Annual,Gold,BR-90,ARM-2,2022-01-27,Agency,Direct,Banik Ltd,BP-781,Agent,Abha Bhat,Adoni,RM-28,Charan Manne,Standard,1,2,Bhavini Sundaram,Issued,Cuttack Branch,West Zone,Alwar Office,South,Digital,2025-11-24 10:29:49.503163,24,Advisor,Mira-Bhayandar,440192,56923.75,8683.279999999999,0.0,0.0,0.0,Y,PAY-77564,Male,1991-06-14,zpingle@example.org,3728051292,QCUOK7663N,"41/027, Soni Marg, Fatehpur 667428",AJZOGBYU7CG,,,,,Ship broker,Rajasthan,1,Offline,0.0,,,,,,STP,48240.47,CKYC-7920947409,2025-08-16,RM-12,Gautami Madan,2025,8,kamaljeet.singh@sentra.com
POL-13190487,PROP-34271680,AGT-9025,Portability,Retail,Group,2025-02-28,2026-02-28,1.0,2025,2,Agency,2025-02-28,Group Activ,PKG-1,MAX-1,40552.78,3645.65,2025-02-20,Comprehensive,0.0,ACTIVE,1000000,3,2,,,2025-02-28,70,Online,Outstation,Karnataka Bank,RCPT-483507,Cleared,810707.0,TXN-9628444665,Approved,RM-69,BR-32,Y,,VSYG8525800106181,,N,2025-02-28,2025-02-20,2025-02-28,,,Direct,40552.78,OPD Care,1500,,,,,,,,,,,,,,,,,,,SP-865,"Sehgal, Panchal and Kanda",Group Activ,East,CUST-760480,Individual,Annual,Gold,BR-33,ARM-3,2022-01-10,Agency,Direct,Bandi Inc,BP-357,Agent,Dakshesh Kalla,Jamshedpur,RM-13,Kalpit Prashad,Standard,1,1,Indrajit Gour,Issued,Durg Branch,West Zone,Aurangabad Office,South,Digital,2025-11-24 10:29:49.504341,24,Advisor,Bally,542140,47852.28,7299.5,0.0,0.0,0.0,Y,PAY-50174,Female,1969-05-18,kuruvillaalka@example.org,1739627128,CTQGC6391E,"07, Acharya Street, Pali 256908",PNMXGBE8OAY,Portability,,,,Race relations officer,Bihar,1,Online,0.0,"Wason, Parmer and Nath",,,,,STP,40552.78,CKYC-7223429499,2025-02-20,RM-36,Christopher Chana,2025,2,kamaljeet.singh@sentra.com
POL-45642455,PROP-10798726,AGT-8918,Portability,Retail,Group,2025-04-05,2026-04-05,1.0,2025,4,Broker,2025-04-05,Super Topup,PKG-2,MAX-5,30628.61,375.44,2025-04-01,Base,0.0,ACTIVE,300000,2,4,,,2025-04-05,63,CC,Local,RBL Bank,RCPT-797392,Cleared,,TXN-7587094479,Approved,RM-15,BR-9,N,,UGFR0634615717320,,N,2025-04-05,2025-04-01,2025-04-05,,,Direct,30628.61,OPD Care,1500,,,,,,,,,,,,,,,,,,,SP-776,Bakshi Ltd,Group Activ,South,CUST-621748,Individual,Annual,Gold,BR-32,ARM-2,2021-11-06,Agency,Direct,Bhatnagar-Zachariah,BP-930,Agent,Xalak Walla,Pune,RM-46,Harinakshi Bhalla,Standard,1,3,Brijesh Ravi,Issued,Rajpur Sonarpur Branch,North Zone,Jorhat Office,North,Digital,2025-11-24 10:29:49.505335,24,Advisor,Adoni,102707,36141.76,5513.1500000000015,0.0,0.0,0.0,Y,PAY-81051,Female,1947-10-13,akshaygera@example.net,914179291117,ZMBVZ9931V,"H.No. 982, Kala Path, Guntakal-511426",WLRFGB2P,Portability,,,,Television camera operator,Arunachal Pradesh,1,Online,0.0,Chaudhry Ltd,,,,,NSTP,30628.61,CKYC-6925383538,2025-04-01,RM-42,Amol Sur,2025,4,kamaljeet.singh@sentra.com
POL-969588,PROP-24080385,AGT-8416,New Business,Retail,Group,2024-12-22,2025-12-22,1.0,2024,12,Broker,2024-12-22,Super Topup,PKG-2,MAX-2,11498.42,3661.51,2024-12-11,Comprehensive,0.0,ACTIVE,300000,3,12,,,2024-12-22,18,DD,Local,Indian Bank,RCPT-741071,Cleared,683415.0,TXN-5513585010,Approved,RM-50,BR-19,Y,,WZZY7232487632909,,Y,2024-12-22,2024-12-11,2024-12-22,,,Direct,11498.42,OPD Care,1500,,,,,,,,,,,,,,,,,,,SP-264,Tata PLC,Group Activ,South,CUST-996459,Individual,Annual,Gold,BR-43,ARM-1,2021-03-31,Agency,Direct,Pall-Sahota,BP-227,Agent,Warinder Handa,Bettiah,RM-22,Janaki Zacharia,Standard,1,1,Ucchal Joshi,Issued,Meerut Branch,South Zone,Gorakhpur Office,South,Digital,2025-11-24 10:29:49.506293,24,Advisor,Bhalswa Jahangir Pur,220054,13568.14,2069.72,0.0,0.0,0.0,Y,PAY-27471,Female,1972-04-12,sudiksha01@example.net,918220781137,MVRUO9956X,"136, Prashad Ganj, Srinagar 970623",FMLEGB3MWRM,,,,,Legal executive,Chhattisgarh,1,Online,0.0,,,,,,STP,11498.42,CKYC-8727779832,2024-12-11,RM-10,Avni Deshpande,2024,12,kamaljeet.singh@sentra.com
POL-62482955,PROP-61549421,AGT-8571,New Business,Retail,Floater,2025-01-02,2026-01-02,1.0,2025,1,Agency,2025-01-02,Group Activ,PKG-1,MAX-2,22977.36,2861.29,2024-12-25,Base,0.0,ACTIVE,300000,1,1,,,2025-01-02,26,Online,Outstation,Karur Vysya Bank,RCPT-179517,Cleared,797273.0,TXN-1475647712,Approved,RM-14,BR-37,Y,,JTFZ9298316873977,,N,2025-01-02,2024-12-25,2025-01-02,,,Direct,22977.36,OPD Care,1500,,,,,,,,,,,,,,,,,,,SP-455,Atwal-Sangha,Super Topup,East,CUST-771939,Individual,Annual,Gold,BR-85,ARM-5,2024-05-20,Agency,Direct,Narang Group,BP-272,Agent,Manthan Ahluwalia,Varanasi,RM-16,Upma Thaman,Standard,1,2,Pavani Wali,Issued,Nangloi Jat Branch,South Zone,Bidhannagar Office,South,Digital,2025-11-24 10:29:49.507284,24,Advisor,New Delhi,806325,27113.28,4135.919999999998,0.0,0.0,0.0,Y,PAY-38769,Female,1959-12-16,babuvarsha@example.net,2799077262,YSVHC5701S,"98/931, Nayak, Kottayam-016579",LLFUGB9E,,,,,"Surveyor, mining",Tamil Nadu,1,Offline,0.0,,,,,,STP,22977.36,CKYC-3322481528,2024-12-25,RM-11,Gaurika Khare,2025,1,kamaljeet.singh@sentra.com
POL-87112459,PROP-64222305,AGT-1999,Renewal,Retail,Group,2025-06-08,2026-06-08,1.0,2025,6,Broker,2025-06-08,Super Topup,PKG-5,MAX-3,44169.31,555.26,2025-05-25,Comprehensive,44169.31,ACTIVE,1000000,2,6,,,2025-06-08,22,Online,Outstation,Bandhan Bank,RCPT-789759,Cleared,,TXN-5263212814,Approved,RM-6,BR-25,N,,LIQV6401557788178,,Y,2025-06-08,2025-05-25,2025-06-08,,,Direct,44169.31,OPD Care,1500,,,,,,,,,,,,,,,,,,,SP-533,"Walia, Master and Seth",Senior Care,North,CUST-651114,Individual,Annual,Gold,BR-31,ARM-3,2022-05-14,Agency,Direct,"Bhatti, Guha and Shankar",BP-462,Agent,Faris Raman,Tumkur,RM-39,Ikbal Gala,Standard,1,1,Isaac Divan,Issued,Saharanpur Branch,South Zone,Saharsa Office,West,Digital,2025-11-24 10:29:49.508294,24,Advisor,Durg,827567,52119.79,7950.480000000003,0.0,0.0,0.0,Y,PAY-96693,Male,1985-07-06,ranbir10@example.org,5695579887,YTKYQ7492O,"H.No. 02, Mane Path, Rourkela-842222",DBKSGBI2,,,,,Gaffer,Kerala,1,Offline,0.0,,,POL-OLD-453,2025-06-07,,NSTP,44169.31,CKYC-792406808,2025-05-25,RM-7,Edhitha Padmanabhan,2025,6,super.admin@sentra.com
POL-60187134,PROP-72459667,AGT-4448,New Business,Retail,Group,2025-01-16,2026-01-16,1.0,2025,1,Broker,2025-01-16,Group Activ,PKG-1,MAX-1,6623.66,1166.31,2025-01-08,Base,0.0,ACTIVE,1000000,4,1,,,2025-01-16,49,Online,Local,UCO Bank,RCPT-559565,Cleared,316208.0,TXN-4402020245,Approved,RM-9,BR-29,N,,PYEO5208854749297,,Y,2025-01-16,2025-01-08,2025-01-16,,,Direct,6623.66,OPD Care,1500,,,,,,,,,,,,,,,,,,,SP-263,Chowdhury-Srinivas,Group Activ,North,CUST-943901,Individual,Annual,Gold,BR-11,ARM-5,2021-01-20,Agency,Direct,"Dada, Morar and Bakshi",BP-584,Agent,Thomas Sehgal,Tiruchirappalli,RM-5,Christopher Hayer,Standard,1,4,Arunima Hayre,Issued,Gwalior Branch,West Zone,Chandigarh Office,South,Digital,2025-11-24 10:29:49.509179,24,Advisor,Jammu,599805,7815.92,1192.2600000000002,0.0,0.0,0.0,Y,PAY-52108,Male,1954-03-21,ypingle@example.com,914554781376,UAILM7426F,"H.No. 78, Bhatti Path, Hubli–Dharwad-646287",GFMJGB95,,,,,Archivist,Uttarakhand,1,Offline,0.0,,,,,,NSTP,6623.66,CKYC-7843676736,2025-01-08,RM-32,Wakeeta Sheth,2025,1,super.admin@sentra.com
POL-328387,PROP-20672747,AGT-5986,Portability,Retail,Individual,2025-02-13,2026-02-13,1.0,2025,2,Agency,2025-02-13,Super Topup,PKG-4,MAX-5,21780.93,2480.67,2025-02-01,Comprehensive,0.0,ACTIVE,500000,2,2,,,2025-02-13,23,CC,Outstation,DCB Bank,RCPT-314750,Cleared,671670.0,TXN-2029548895,Approved,RM-76,BR-25,Y,,UVJN2730147195979,,N,2025-02-13,2025-02-01,2025-02-13,,,Direct,21780.93,OPD Care,1500,,,,,,,,,,,,,,,,,,,SP-455,Kuruvilla-Soni,Health Secure,West,CUST-727968,Individual,Annual,Gold,BR-38,ARM-3,2024-03-02,Agency,Direct,Vala-Badal,BP-613,Agent,Nicholas Bhardwaj,Imphal,RM-39,Krishna Parikh,Standard,1,5,Chatresh Mahajan,Issued,Gurgaon Branch,North Zone,Nashik Office,South,Digital,2025-11-24 10:29:49.510050,24,Advisor,Jalna,832192,25701.5,3920.57,0.0,0.0,0.0,Y,PAY-71265,Male,1965-03-22,charvi45@example.org,9520284576,JGOMY5213J,"11, Badal Street, Karnal 527985",WJAXGBHO,Portability,,,,"Conservation officer, historic buildings",West Bengal,1,Online,0.0,"Dhar, Karan and Mohanty",,,,,NSTP,21780.93,CKYC-538349165,2025-02-01,RM-15,Farhan Sandal,2025,2,super.admin@sentra.com
POL-14995099,PROP-10433455,AGT-6094,New Business,Retail,Group,2025-08-02,2026-08-02,1.0,2025,8,Banca,2025-08-02,Health Secure,PKG-2,MAX-5,32639.4,1767.69,2025-07-20,Base,0.0,ACTIVE,1000000,4,8,,,2025-08-02,42,DD,Outstation,Bank of India,RCPT-812323,Cleared,507778.0,TXN-7547692193,Approved,RM-38,BR-3,N,,BGDB8907140140119,,Y,2025-08-02,2025-07-20,2025-08-02,,,Direct,32639.4,OPD Care,1500,,,,,,,,,,,,,,,,,,,SP-255,Iyengar and Sons,Group Activ,West,CUST-703175,Individual,Annual,Gold,BR-26,ARM-1,2022-04-20,Agency,Direct,Dhingra Ltd,BP-103,Agent,Ijaya Pandey,Orai,RM-41,Yashasvi Bir,Standard,1,3,Akshay Wadhwa,Issued,Nellore Branch,West Zone,Tirunelveli Office,South,Digital,2025-11-24 10:29:49.511036,24,Advisor,Navi Mumbai,875927,38514.49,5875.0899999999965,0.0,0.0,0.0,Y,PAY-88280,Female,2005-03-26,isharaghavan@example.com,918361517182,UCFUF7548H,"94, Kara Chowk, Ramagundam-317520",VDMOGB7FHJZ,,,,,Oncologist,Tamil Nadu,1,Offline,0.0,,,,,,NSTP,32639.4,CKYC-9026827904,2025-07-20,RM-23,Dhruv Patla,2025,8,super.admin@sentra.com
POL-45450370,PROP-26878911,AGT-9049,Renewal,Retail,Floater,2025-11-14,2026-11-14,1.0,2025,11,Digital,2025-11-14,Super Topup,PKG-2,MAX-1,39544.24,1444.07,2025-10-31,Comprehensive,39544.24,ACTIVE,500000,3,11,,,2025-11-14,69,Cheque,Local,Karnataka Bank,RCPT-128725,Cleared,244181.0,TXN-7894618608,Approved,RM-52,BR-34,N,,XPIY9946579678427,,Y,2025-11-14,2025-10-31,2025-11-14,,,Direct,39544.24,OPD Care,1500,,,,,,,,,,,,,,,,,,,SP-701,Das LLC,Senior Care,North,CUST-513111,Individual,Annual,Gold,BR-69,ARM-3,2022-11-19,Agency,Direct,"Desai, Balan and Chaudhary",BP-554,Agent,Ekansh Tara,Mangalore,RM-22,Eta Dua,Standard,1,2,Gopal Bose,Issued,Kirari Suleman Nagar Branch,West Zone,Durg Office,West,Digital,2025-11-24 10:29:49.511993,24,Advisor,Pallavaram,858800,46662.2,7117.959999999999,0.0,0.0,0.0,Y,PAY-56414,Female,2000-05-05,rajagopalshivani@example.com,7700284276,WHKRF2467Q,"28/06, Talwar Road, Tadepalligudem-450090",LLZXGBBV,,,,,Museum/gallery conservator,Bihar,1,Online,0.0,,,POL-OLD-189,2025-11-13,,NSTP,39544.24,CKYC-6133849777,2025-10-31,RM-46,Nisha Panchal,2025,11,super.admin@sentra.com
POL-32779846,PROP-33234179,AGT-5983,Renewal,Retail,Floater,2024-12-13,2025-12-13,1.0,2024,12,Agency,2024-12-13,Senior Care,PKG-1,MAX-5,24721.8,454.13,2024-11-30,Base,24721.8,ACTIVE,1000000,2,12,,,2024-12-13,30,Cheque,Outstation,City Union Bank,RCPT-679564,Cleared,327260.0,TXN-2544904142,Approved,RM-61,BR-23,N,,WCJD5208507698640,,N,2024-12-13,2024-11-30,2024-12-13,,,Direct,24721.8,OPD Care,1500,,,,,,,,,,,,,,,,,,,SP-825,"Singh, Bains and Nadig",Super Topup,West,CUST-396086,Individual,Annual,Gold,BR-11,ARM-1,2023-03-06,Agency,Direct,Chaudhari-Suresh,BP-599,Agent,Samesh Nayar,Ambala,RM-36,Ojas Mistry,Standard,1,4,Rajata Jaggi,Issued,Aurangabad Branch,South Zone,Tumkur Office,North,Digital,2025-11-24 10:29:49.512891,24,Advisor,Nashik,963919,29171.72,4449.920000000002,0.0,0.0,0.0,Y,PAY-12416,Female,1982-03-08,ekalinga98@example.com,3514846853,GDQWJ6649L,"73/74, Saraf Circle, Nagaon 572324",NKCUGBN0RSK,,,,,Furniture conservator/restorer,Sikkim,1,Online,0.0,,,POL-OLD-864,2024-12-12,,STP,24721.8,CKYC-2582272957,2024-11-30,RM-13,William Comar,2024,12,super.admin@sentra.com
POL-3718391,PROP-32962076,AGT-1878,Renewal,Retail,Group,2025-01-16,2026-01-16,1.0,2025,1,Banca,2025-01-16,Health Secure,PKG-3,MAX-1,11241.29,2523.53,2025-01-11,Base,11241.29,ACTIVE,300000,2,1,,,2025-01-16,18,Online,Local,HDFC Bank,RCPT-486706,Cleared,508960.0,TXN-6168143900,Approved,RM-15,BR-22,Y,,UBGF4204482070015,,Y,2025-01-16,2025-01-11,2025-01-16,,,Direct,11241.29,OPD Care,1500,,,,,,,,,,,,,,,,,,,SP-363,"Misra, Bhatt and Ray",Super Topup,West,CUST-940334,Individual,Annual,Gold,BR-75,ARM-3,2022-05-07,Agency,Direct,"Chana, Ranganathan and Dey",BP-250,Agent,Isaac Tella,Nagaon,RM-25,Watika Chana,Standard,1,1,Jason Munshi,Issued,Bhimavaram Branch,West Zone,Noida Office,North,Digital,2025-11-24 10:29:49.513794,24,Advisor,Bellary,123476,13264.72,2023.4299999999985,0.0,0.0,0.0,Y,PAY-33332,Female,1999-04-05,swaminathankavya@example.net,915867342575,VQZDS4090Y,"64/51, Khalsa Circle, Munger-644134",FOUKGB0C,,,,,Graphic designer,West Bengal,1,Online,0.0,,,POL-OLD-412,2025-01-15,,STP,11241.29,CKYC-6406767748,2025-01-11,RM-29,Gaurangi Sami,2025,1,super.admin@sentra.com
POL-13474864,PROP-21520919,AGT-5863,Portability,Retail,Group,2025-10-09,2026-10-09,1.0,2025,10,Banca,2025-10-09,Group Activ,PKG-2,MAX-1,28690.13,3981.44,2025-10-02,Base,0.0,ACTIVE,300000,4,10,,,2025-10-09,40,DD,Local,DCB Bank,RCPT-530930,Cleared,69591.0,TXN-5806178791,Approved,RM-20,BR-33,Y,,TXRX5700272063459,,Y,2025-10-09,2025-10-02,2025-10-09,,,Direct,28690.13,OPD Care,1500,,,,,,,,,,,,,,,,,,,SP-651,Choudhry and Sons,Group Activ,North,CUST-261728,Individual,Annual,Gold,BR-19,ARM-5,2022-12-17,Agency,Direct,"De, Roy and Nagarajan",BP-596,Agent,Vanya Deol,Malegaon,RM-14,Baghyawati Issac,Standard,1,3,Oeshi Pillai,Issued,Singrauli Branch,North Zone,Aurangabad Office,North,Digital,2025-11-24 10:29:49.514713,24,Advisor,Jaipur,893173,33854.35,5164.2199999999975,0.0,0.0,0.0,Y,PAY-34312,Female,1989-01-28,chandranrattan@example.net,9421529108,OTNMY6771R,"26, Kale Ganj, Maheshtala 262044",TOHLGB3F,Portability,,,,Administrator,Meghalaya,1,Offline,0.0,Naik Ltd,,,,,NSTP,28690.13,CKYC-9501402504,2025-10-02,RM-40,Pallavi Kunda,2025,10,super.admin@sentra.com
POL-74759271,PROP-7885602,AGT-8298,Renewal,Retail,Individual,2024-12-19,2025-12-19,1.0,2024,12,Broker,2024-12-19,Health Secure,PKG-2,MAX-2,29119.34,2595.36,2024-12-14,Comprehensive,29119.34,ACTIVE,500000,2,12,,,2024-12-19,61,CC,Outstation,Canara Bank,RCPT-349031,Cleared,976292.0,TXN-5303603611,Approved,RM-25,BR-45,N,,LTVZ9004896465280,,Y,2024-12-19,2024-12-14,2024-12-19,,,Direct,29119.34,OPD Care,1500,,,,,,,,,,,,,,,,,,,SP-390,"Gola, Lad and Gara",Super Topup,West,CUST-528216,Individual,Annual,Gold,BR-23,ARM-5,2022-11-13,Agency,Direct,Sidhu-Deo,BP-315,Agent,Edhitha Wali,Ajmer,RM-40,Jackson Munshi,Standard,1,1,Joshua Tata,Issued,Karimnagar Branch,North Zone,Ichalkaranji Office,West,Digital,2025-11-24 10:29:49.515640,24,Advisor,Pudukkottai,856257,34360.82,5241.48,0.0,0.0,0.0,Y,PAY-19826,Male,1979-11-27,mbera@example.org,913207427617,FDFHU0758J,"H.No. 342, Trivedi Street, Phusro 908926",HYPVGBGV,,,,,Agricultural engineer,Jharkhand,1,Offline,0.0,,,POL-OLD-360,2024-12-18,,NSTP,29119.34,CKYC-2923324008,2024-12-14,RM-18,Kashvi Cherian,2024,12,super.admin@sentra.com
POL-20639394,PROP-3875470,AGT-1855,Renewal,Retail,Individual,2025-09-25,2026-09-25,1.0,2025,9,Digital,2025-09-25,Health Secure,PKG-2,MAX-2,10250.2,2327.72,2025-09-13,Comprehensive,10250.2,ACTIVE,300000,3,9,,,2025-09-25,69,DD,Outstation,Indian Bank,RCPT-482589,Cleared,,TXN-7127667126,Approved,RM-28,BR-18,Y,,OUIT0509759230450,,N,2025-09-25,2025-09-13,2025-09-25,,,Direct,10250.2,OPD Care,1500,,,,,,,,,,,,,,,,,,,SP-893,"Bobal, Raj and Chanda",Health Secure,South,CUST-418233,Individual,Annual,Gold,BR-83,ARM-4,2021-11-30,Agency,Direct,Rastogi Inc,BP-526,Agent,Sathvik Gaba,Sambhal,RM-35,Mitesh Dara,Standard,1,3,Vritti Sankaran,Issued,Madanapalle Branch,East Zone,Secunderabad Office,North,Digital,2025-11-24 10:29:49.516553,24,Advisor,Arrah,776749,12095.24,1845.039999999999,0.0,0.0,0.0,Y,PAY-78687,Male,1971-07-20,npillay@example.org,6108573278,BFZET8147J,"864, Batta, Ranchi-866179",LISCGB6BH3L,,,,,"Education officer, environmental",Uttarakhand,1,Offline,0.0,,,POL-OLD-280,2025-09-24,,STP,10250.2,CKYC-1687738937,2025-09-13,RM-12,Omaja Mishra,2025,9,super.admin@sentra.com
POL-97186343,PROP-61068817,AGT-8878,New Business,Retail,Individual,2025-03-17,2026-03-17,1.0,2025,3,Agency,2025-03-17,Senior Care,PKG-5,MAX-1,24899.7,3626.89,2025-03-02,Base,0.0,ACTIVE,1000000,4,3,,,2025-03-17,72,Online,Outstation,Nainital Bank,RCPT-654112,Cleared,,TXN-7764588206,Approved,RM-26,BR-49,Y,,KZFG2194168006102,,Y,2025-03-17,2025-03-02,2025-03-17,,,Direct,24899.7,OPD Care,1500,,,,,,,,,,,,,,,,,,,SP-439,"Sood, Sharma and Ravel",Senior Care,West,CUST-910982,Individual,Annual,Gold,BR-33,ARM-4,2023-07-11,Agency,Direct,"Sur, Mitter and Patel",BP-569,Agent,Chasmum Chahal,Bhavnagar,RM-21,Rayaan Choudhury,Standard,1,4,Raghav Bala,Issued,Ongole Branch,North Zone,New Delhi Office,North,Digital,2025-11-24 10:29:49.517497,24,Advisor,Siwan,147276,29381.65,4481.950000000001,0.0,0.0,0.0,Y,PAY-2859,Male,1952-03-26,saisundaram@example.com,917933496050,VLMUJ1667S,"78, Sura, Ghaziabad 695814",PDPTGBW21BK,,,,,Holiday representative,Telangana,1,Offline,0.0,,,,,,STP,24899.7,CKYC-5120465592,2025-03-02,RM-20,Raksha Kata,2025,3,super.admin@sentra.com
POL-78874216,PROP-91935665,AGT-8726,Portability,Retail,Floater,2025-05-27,2026-05-27,1.0,2025,5,Banca,2025-05-27,Health Secure,PKG-5,MAX-1,49414.23,3538.95,2025-05-14,Base,0.0,ACTIVE,500000,1,5,,,2025-05-27,67,Cheque,Outstation,IDBI Bank,RCPT-966509,Cleared,631347.0,TXN-2012051673,Approved,RM-9,BR-26,Y,,JXWM6572934172232,,Y,2025-05-27,2025-05-14,2025-05-27,,,Direct,49414.23,OPD Care,1500,,,,,,,,,,,,,,,,,,,SP-748,"Swamy, Chaudhuri and Sagar",Group Activ,South,CUST-988864,Individual,Annual,Gold,BR-54,ARM-1,2024-11-13,Agency,Direct,Keer-Kadakia,BP-380,Agent,Andrew Parmer,Raurkela Industrial Township,RM-12,Owen Thakur,Standard,1,4,Devansh Nazareth,Issued,Raipur Branch,West Zone,Jamshedpur Office,North,Digital,2025-11-24 10:29:49.518441,24,Advisor,Morbi,550842,58308.79,8894.559999999998,0.0,0.0,0.0,Y,PAY-90457,Female,1999-12-09,bediraksha@example.com,911991808121,TCWGF3524U,"55/213, Sagar Chowk, Sambalpur 548214",WYNLGBPJ70O,Portability,,,,Corporate investment banker,Uttar Pradesh,1,Offline,0.0,Sachdev-Rout,,,,,STP,49414.23,CKYC-8152128221,2025-05-14,RM-46,Ayushman Savant,2025,5,super.admin@sentra.com
POL-1335293,PROP-96318095,AGT-2667,New Business,Retail,Floater,2025-01-15,2026-01-15,1.0,2025,1,Broker,2025-01-15,Health Secure,PKG-1,MAX-4,21241.87,3492.99,2025-01-02,Comprehensive,0.0,ACTIVE,500000,2,1,,,2025-01-15,28,Cheque,Local,Central Bank of India,RCPT-88896,Cleared,,TXN-5747970335,Approved,RM-47,BR-22,Y,,MYFN0602908466845,,Y,2025-01-15,2025-01-02,2025-01-15,,,Direct,21241.87,OPD Care,1500,,,,,,,,,,,,,,,,,,,SP-947,Anand-Mammen,Group Activ,North,CUST-943937,Individual,Annual,Gold,BR-78,ARM-3,2023-01-03,Agency,Direct,Raval Group,BP-972,Agent,Riya Pai,Davanagere,RM-30,Frado Bansal,Standard,1,4,Madhavi Date,Issued,Kakinada Branch,East Zone,Sasaram Office,South,Digital,2025-11-24 10:29:49.519312,24,Advisor,Saharsa,200894,25065.41,3823.540000000001,0.0,0.0,0.0,Y,PAY-31632,Female,1997-04-29,pahal81@example.net,915485101749,ZVLKT0753O,"H.No. 49, Purohit Street, Vasai-Virar-893571",WNNCGBFD,,,,,"Physicist, medical",Chhattisgarh,1,Offline,0.0,,,,,,STP,21241.87,CKYC-2045491387,2025-01-02,RM-38,Faras Pingle,2025,1,super.admin@sentra.com
POL-54056687,PROP-78952163,AGT-5095,Portability,Retail,Floater,2025-07-28,2026-07-28,1.0,2025,7,Digital,2025-07-28,Health Secure,PKG-1,MAX-1,28076.6,4813.1,2025-07-17,Comprehensive,0.0,CANCELLED,1000000,2,7,Non-Payment,2025-08-27,2025-07-28,46,DD,Local,Karnataka Bank,RCPT-914373,Cleared,276502.0,TXN-6804532904,Approved,RM-3,BR-21,Y,,UNOW7622827728813,,Y,2025-07-28,2025-07-17,2025-07-28,,,Direct,28076.6,OPD Care,1500,,,,,,,,,,,,,,,,,,,SP-131,Solanki-Bali,Group Activ,South,CUST-782758,Individual,Annual,Gold,BR-81,ARM-1,2021-07-10,Agency,Direct,"Pingle, Dani and Rege",BP-430,Agent,Jai Pingle,Thane,RM-15,Jacob Prabhu,Standard,1,5,Kavya Mitter,Issued,Shivpuri Branch,West Zone,Asansol Office,South,Digital,2025-11-24 10:29:49.520184,24,Advisor,Giridih,44327,33130.39,5053.790000000001,0.0,0.0,0.0,Y,PAY-273,Female,1952-08-08,ekansh06@example.com,4975679228,UUFZN7772Q,"658, Savant Nagar, Hubli–Dharwad-094818",GTRSGBD7,Portability,,,,Energy engineer,Tripura,1,Offline,0.0,Thakkar-Bahl,,,,,STP,28076.6,CKYC-9106546880,2025-07-17,RM-12,Anirudh Maharaj,2025,7,super.admin@sentra.com
POL-32921822,PROP-94706404,AGT-4287,New Business,Retail,Individual,2025-09-06,2026-09-06,1.0,2025,9,Digital,2025-09-06,Group Activ,PKG-1,MAX-2,37539.03,843.76,2025-08-25,Comprehensive,0.0,ACTIVE,1000000,4,9,,,2025-09-06,50,Online,Local,Nainital Bank,RCPT-88759,Cleared,846118.0,TXN-5671208652,Approved,RM-34,BR-2,Y,,SBPA5626085641118,,Y,2025-09-06,2025-08-25,2025-09-06,,,Direct,37539.03,OPD Care,1500,,,,,,,,,,,,,,,,,,,SP-281,Mangal and Sons,Group Activ,North,CUST-191542,Individual,Annual,Gold,BR-55,ARM-3,2021-12-01,Agency,Direct,Dube LLC,BP-501,Agent,Omkaar Bhargava,Bokaro,RM-16,Dalbir Misra,Standard,1,4,Hardik Nagarajan,Issued,Haridwar Branch,South Zone,Rampur Office,East,Digital,2025-11-24 10:29:49.521035,24,Advisor,Jamshedpur,339937,44296.06,6757.029999999999,0.0,0.0,0.0,Y,PAY-66666,Male,1992-04-18,rcontractor@example.org,7861706304,WJPYI8913T,"H.No. 832, Zachariah Path, Sambalpur-870079",UFABGB4RQYW,,,,,"Engineer, petroleum",Odisha,1,Offline,0.0,,,,,,NSTP,37539.03,CKYC-1208222796,2025-08-25,RM-6,Ekaraj Mital,2025,9,super.admin@sentra.com
POL-93741595,PROP-16505688,AGT-4238,New Business,Retail,Floater,2024-12-25,2025-12-25,1.0,2024,12,Banca,2024-12-25,Group Activ,PKG-5,MAX-4,15863.21,2245.56,2024-12-15,Base,0.0,ACTIVE,500000,3,12,,,2024-12-25,61,CC,Outstation,Punjab and Sind Bank,RCPT-760294,Cleared,,TXN-1855264537,Approved,RM-99,BR-49,Y,,TQZK5474355379502,,N,2024-12-25,2024-12-15,2024-12-25,,,Direct,15863.21,OPD Care,1500,,,,,,,,,,,,,,,,,,,SP-558,"Agate, Soni and Agrawal",Super Topup,West,CUST-945233,Individual,Annual,Gold,BR-10,ARM-1,2020-12-06,Agency,Direct,Sachdev PLC,BP-836,Agent,Maya Yohannan,Solapur,RM-37,Sai Dasgupta,Standard,1,4,Krisha Parmar,Issued,Belgaum Branch,West Zone,Amravati Office,North,Digital,2025-11-24 10:29:49.521974,24,Advisor,Uluberia,703045,18718.59,2855.380000000001,0.0,0.0,0.0,Y,PAY-25101,Male,1950-07-26,timothy37@example.com,914793036149,MQVKR8728R,"21/24, Kari, Nellore-894870",UVUBGBU10RH,,,,,"Scientist, marine",Manipur,1,Offline,0.0,,,,,,NSTP,15863.21,CKYC-6423444503,2024-12-15,RM-31,Udarsh Batta,2024,12,super.admin@sentra.com
POL-56379776,PROP-71458898,AGT-9833,Portability,Retail,Group,2025-03-04,2026-03-04,1.0,2025,3,Broker,2025-03-04,Health Secure,PKG-3,MAX-3,35228.66,378.28,2025-02-17,Base,0.0,ACTIVE,500000,4,3,,,2025-03-04,52,Online,Local,Nainital Bank,RCPT-331603,Cleared,,TXN-4317126240,Approved,RM-45,BR-1,N,,GKCS0361332541107,,Y,2025-03-04,2025-02-17,2025-03-04,,,Direct,35228.66,OPD Care,1500,,,,,,,,,,,,,,,,,,,SP-462,Bajwa-Natt,Group Activ,West,CUST-881336,Individual,Annual,Gold,BR-27,ARM-3,2021-11-23,Agency,Direct,Solanki and Sons,BP-909,Agent,Chatura Nath,Srinagar,RM-6,Girish Sekhon,Standard,1,4,Frederick Bhat,Issued,Burhanpur Branch,East Zone,Amritsar Office,East,Digital,2025-11-24 10:29:49.522946,24,Advisor,Ghaziabad,49611,41569.82,6341.159999999996,0.0,0.0,0.0,Y,PAY-88809,Female,1948-05-30,menonlakshmi@example.com,919639907676,PRYBD9915H,"H.No. 109, Hari Zila, Danapur 567972",EZBBGBIT,Portability,,,,Television/film/video producer,Maharashtra,1,Online,0.0,"Parmar, Mukhopadhyay and Dhingra",,,,,STP,35228.66,CKYC-4928084398,2025-02-17,RM-50,Hemal Manne,2025,3,super.admin@sentra.com
POL-1084726,PROP-69481912,AGT-2168,New Business,Retail,Floater,2025-04-06,2026-04-06,1.0,2025,4,Digital,2025-04-06,Super Topup,PKG-2,MAX-4,7857.99,4909.39,2025-04-02,Comprehensive,0.0,ACTIVE,500000,1,4,,,2025-04-06,32,Cheque,Outstation,Union Bank of India,RCPT-60101,Cleared,,TXN-9609505523,Approved,RM-85,BR-15,N,,RBNL3331537795995,,Y,2025-04-06,2025-04-02,2025-04-06,,,Direct,7857.99,OPD Care,1500,,,,,,,,,,,,,,,,,,,SP-440,"Mistry, Sahota and Narasimhan",Super Topup,South,CUST-170162,Individual,Annual,Gold,BR-85,ARM-1,2021-04-25,Agency,Direct,Tandon and Sons,BP-456,Agent,Udant Karpe,Kakinada,RM-40,Vasana Narula,Standard,1,3,Samesh Ratta,Issued,Chennai Branch,South Zone,Hyderabad Office,East,Digital,2025-11-24 10:29:49.523915,24,Advisor,Secunderabad,812473,9272.43,1414.4400000000005,0.0,0.0,0.0,Y,PAY-82750,Male,1981-10-17,caleb03@example.org,2342583230,RIYPY2410H,"H.No. 73, Pradhan Path, Hajipur 112233",WLKTGB1PCM8,,,,,Hospital pharmacist,Uttar Pradesh,1,Offline,0.0,,,,,,STP,7857.99,CKYC-4933057363,2025-04-02,RM-1,Chatresh Mammen,2025,4,super.admin@sentra.com
POL-68218774,PROP-78394188,AGT-5758,New Business,Retail,Individual,2025-10-08,2026-10-08,1.0,2025,10,Banca,2025-10-08,Health Secure,PKG-4,MAX-1,25267.12,2448.02,2025-09-24,Base,0.0,ACTIVE,500000,1,10,,,2025-10-08,21,CC,Outstation,Tamilnad Mercantile Bank,RCPT-219401,Cleared,762627.0,TXN-278627610,Approved,RM-44,BR-14,Y,,QMYU8578725587774,,N,2025-10-08,2025-09-24,2025-10-08,,,Direct,25267.12,OPD Care,1500,,,,,,,,,,,,,,,,,,,SP-556,"Rattan, Bansal and Johal",Group Activ,North,CUST-230189,Individual,Annual,Gold,BR-57,ARM-1,2024-06-22,Agency,Direct,Keer-Randhawa,BP-124,Agent,Damini Sandal,Aurangabad,RM-30,Kavya Kumar,Standard,1,5,Krish Chad,Issued,Raiganj Branch,South Zone,Berhampur Office,North,Digital,2025-11-24 10:29:49.524812,24,Advisor,Kirari Suleman Nagar,677665,29815.2,4548.080000000002,0.0,0.0,0.0,Y,PAY-65213,Female,1964-11-13,lbakshi@example.com,914151488814,XCIMV3111M,"H.No. 43, Devi, Bangalore 456690",UQYEGBZOON4,,,,,Facilities manager,Mizoram,1,Online,0.0,,,,,,NSTP,25267.12,CKYC-7792778835,2025-09-24,RM-13,Frederick Munshi,2025,10,super.admin@sentra.com
POL-57551618,PROP-93676091,AGT-9370,New Business,Retail,Floater,2025-09-28,2026-09-28,1.0,2025,9,Broker,2025-09-28,Group Activ,PKG-5,MAX-1,21322.61,4790.12,2025-09-19,Base,0.0,ACTIVE,500000,2,9,,,2025-09-28,26,Cheque,Local,Karur Vysya Bank,RCPT-219765,Cleared,,TXN-6179086991,Approved,RM-4,BR-40,Y,,RALE9240755366684,,N,2025-09-28,2025-09-19,2025-09-28,,,Direct,21322.61,OPD Care,1500,,,,,,,,,,,,,,,,,,,SP-678,Bajaj-Balay,Senior Care,East,CUST-966938,Individual,Annual,Gold,BR-54,ARM-1,2021-06-14,Agency,Direct,Raman-Raj,BP-326,Agent,Mahika Bhatt,Maheshtala,RM-41,Ikbal Narasimhan,Standard,1,1,Daksha Chander,Issued,Vasai-Virar Branch,West Zone,Patna Office,North,Digital,2025-11-24 10:29:49.525745,24,Advisor,Indore,316433,25160.68,3838.07,0.0,0.0,0.0,Y,PAY-38155,Male,1986-06-13,shadakshesh@example.com,256621286,INTBT7163Q,"94/93, Shanker Circle, Panihati-271693",SPOOGBCFS3W,,,,,Human resources officer,Madhya Pradesh,1,Online,0.0,,,,,,STP,21322.61,CKYC-5047128978,2025-09-19,RM-7,Praneel Sankaran,2025,9,super.admin@sentra.com
POL-88460225,PROP-24621479,AGT-6646,New Business,Retail,Group,2025-05-09,2026-05-09,1.0,2025,5,Broker,2025-05-09,Health Secure,PKG-5,MAX-3,47010.64,1589.03,2025-05-03,Comprehensive,0.0,CANCELLED,500000,3,5,Non-Payment,2025-06-08,2025-05-09,52,DD,Local,Indian Overseas Bank,RCPT-412668,Cleared,,TXN-187537466,Approved,RM-80,BR-11,N,,FIUR4137681511856,,N,2025-05-09,2025-05-03,2025-05-09,,,Direct,47010.64,OPD Care,1500,,,,,,,,,,,,,,,,,,,SP-932,Gala-Krishnan,Senior Care,East,CUST-217445,Individual,Annual,Gold,BR-60,ARM-3,2022-12-02,Agency,Direct,Bala-Bora,BP-161,Agent,Lakshmi Oza,Jammu,RM-43,Baljiwan Anne,Standard,1,1,Ishwar Deshpande,Issued,Madhyamgram Branch,South Zone,Surendranagar Dudhrej Office,East,Digital,2025-11-24 10:29:49.526684,24,Advisor,Gwalior,727422,55472.56,8461.919999999998,0.0,0.0,0.0,Y,PAY-2367,Female,1983-02-19,chaitalydash@example.net,6210427523,SDOZH0837P,"47/090, Purohit Nagar, Kulti 331060",KGVVGBEO,,,,,Chief Operating Officer,Uttar Pradesh,1,Online,0.0,,,,,,STP,47010.64,CKYC-2852325403,2025-05-03,RM-43,Chaitanya Sagar,2025,5,super.admin@sentra.com
POL-43908184,PROP-43309319,AGT-9558,Portability,Retail,Individual,2025-05-29,2026-05-29,1.0,2025,5,Agency,2025-05-29,Super Topup,PKG-2,MAX-3,13393.95,4817.01,2025-05-25,Comprehensive,0.0,ACTIVE,1000000,2,5,,,2025-05-29,21,CC,Outstation,Axis Bank,RCPT-655017,Cleared,217180.0,TXN-1837731893,Approved,RM-97,BR-33,N,,HGDL5206506373149,,N,2025-05-29,2025-05-25,2025-05-29,,,Direct,13393.95,OPD Care,1500,,,,,,,,,,,,,,,,,,,SP-194,Bassi-Bhavsar,Senior Care,South,CUST-928472,Individual,Annual,Gold,BR-41,ARM-2,2021-10-08,Agency,Direct,Tata-Chaudry,BP-326,Agent,Zayan Chandran,Munger,RM-41,Gaurangi Gill,Standard,1,4,Vasatika Bir,Issued,Surat Branch,North Zone,Eluru Office,South,Digital,2025-11-24 10:29:49.527792,24,Advisor,Ambala,309143,15804.86,2410.91,0.0,0.0,0.0,Y,PAY-96719,Male,1971-11-22,fariqbhasin@example.org,7432630397,PYWCH5245Y,"H.No. 355, Jha Ganj, Kulti-968527",CPCGGBDJ,Portability,,,,"Engineer, energy",Chhattisgarh,1,Offline,0.0,Ghose PLC,,,,,STP,13393.95,CKYC-877776788,2025-05-25,RM-39,Pooja Sibal,2025,5,super.admin@sentra.com
POL-96861413,PROP-26512868,AGT-8079,Renewal,Retail,Group,2025-03-16,2026-03-16,1.0,2025,3,Agency,2025-03-16,Health Secure,PKG-2,MAX-5,14889.82,1380.74,2025-03-14,Comprehensive,14889.82,ACTIVE,1000000,2,3,,,2025-03-16,26,CC,Local,City Union Bank,RCPT-444613,Cleared,,TXN-9347719310,Approved,RM-51,BR-44,N,,HJJS7347156627768,,N,2025-03-16,2025-03-14,2025-03-16,,,Direct,14889.82,OPD Care,1500,,,,,,,,,,,,,,,,,,,SP-396,"Sant, Dugal and Subramaniam",Super Topup,South,CUST-20773,Individual,Annual,Gold,BR-12,ARM-4,2023-12-11,Agency,Direct,Chacko-Mital,BP-826,Agent,Parth Kurian,Madhyamgram,RM-47,Sudiksha Mander,Standard,1,5,Vasana Bora,Issued,Bhavnagar Branch,East Zone,Thiruvananthapuram Office,North,Digital,2025-11-24 10:29:49.528725,24,Advisor,Jhansi,85766,17569.99,2680.170000000002,0.0,0.0,0.0,Y,PAY-51727,Female,2006-01-14,leena74@example.net,1601692364,SDPYB5875V,"05, Divan Nagar, Mahbubnagar-243992",DYCUGBYZ,,,,,Theatre director,Assam,1,Offline,0.0,,,POL-OLD-949,2025-03-15,,NSTP,14889.82,CKYC-1816534344,2025-03-14,RM-13,Zayyan Mittal,2025,3,super.admin@sentra.com
POL-71565068,PROP-88380502,AGT-3017,Portability,Retail,Floater,2025-05-25,2026-05-25,1.0,2025,5,Broker,2025-05-25,Senior Care,PKG-5,MAX-5,44167.63,3842.59,2025-05-19,Comprehensive,0.0,ACTIVE,300000,3,5,,,2025-05-25,70,Online,Local,Jammu & Kashmir Bank,RCPT-614549,Cleared,322939.0,TXN-7447187410,Approved,RM-68,BR-46,Y,,YXCD9524364027011,,N,2025-05-25,2025-05-19,2025-05-25,,,Direct,44167.63,OPD Care,1500,,,,,,,,,,,,,,,,,,,SP-188,"Sahni, Vohra and Saha",Super Topup,South,CUST-686315,Individual,Annual,Gold,BR-97,ARM-4,2022-01-18,Agency,Direct,Garde-Goda,BP-430,Agent,Quincy Desai,Morbi,RM-5,Yadavi Choudhary,Standard,1,3,Simon Grewal,Issued,Allahabad Branch,North Zone,Nellore Office,West,Digital,2025-11-24 10:29:49.529674,24,Advisor,Alappuzha,912141,52117.8,7950.170000000005,0.0,0.0,0.0,Y,PAY-49509,Male,1952-10-01,oommenayushman@example.net,917710040901,MHWRF3806E,"H.No. 55, Khatri Path, Silchar 905510",WMXEGBBH7RP,Portability,,,,"Merchandiser, retail",Manipur,1,Online,0.0,"Soman, Varma and Sachdev",,,,,NSTP,44167.63,CKYC-2835659453,2025-05-19,RM-41,Ekanta Badal,2025,5,super.admin@sentra.com
POL-6141035,PROP-98759153,AGT-8550,Portability,Retail,Group,2025-07-12,2026-07-12,1.0,2025,7,Digital,2025-07-12,Health Secure,PKG-1,MAX-2,41314.77,1753.96,2025-07-06,Base,0.0,CANCELLED,1000000,4,7,Non-Payment,2025-08-11,2025-07-12,33,CC,Outstation,ICICI Bank,RCPT-710860,Cleared,465888.0,TXN-9593061366,Approved,RM-98,BR-24,N,,PMXT1567164932898,,N,2025-07-12,2025-07-06,2025-07-12,,,Direct,41314.77,OPD Care,1500,,,,,,,,,,,,,,,,,,,SP-520,Datta Group,Senior Care,East,CUST-835527,Individual,Annual,Gold,BR-68,ARM-2,2021-03-30,Agency,Direct,"Sibal, Ganguly and Sehgal",BP-244,Agent,Vasatika Zachariah,Latur,RM-35,Onkar Chakraborty,Standard,1,4,Radhika Balakrishnan,Issued,Khammam Branch,East Zone,Parbhani Office,North,Digital,2025-11-24 10:29:49.530649,24,Advisor,Bardhaman,128715,48751.43,7436.6600000000035,0.0,0.0,0.0,Y,PAY-29334,Male,2003-08-07,ozakrishna@example.net,6863341411,VHKXI1593U,"H.No. 09, Gupta Circle, Bhusawal-528993",MAROGBUJ,Portability,,,,Housing manager/officer,Uttarakhand,1,Online,0.0,Tata Ltd,,,,,STP,41314.77,CKYC-1957579670,2025-07-06,RM-43,Madhav Banerjee,2025,7,super.admin@sentra.com
POL-41458705,PROP-67428032,AGT-9605,New Business,Retail,Group,2025-06-30,2026-06-30,1.0,2025,6,Agency,2025-06-30,Super Topup,PKG-5,MAX-5,18919.58,4340.16,2025-06-20,Base,0.0,ACTIVE,300000,1,6,,,2025-06-30,46,DD,Outstation,Punjab National Bank,RCPT-286735,Cleared,888845.0,TXN-3559184883,Approved,RM-2,BR-29,N,,PJWM0523302764208,,Y,2025-06-30,2025-06-20,2025-06-30,,,Direct,18919.58,OPD Care,1500,,,,,,,,,,,,,,,,,,,SP-821,Nazareth-Sami,Health Secure,South,CUST-710828,Individual,Annual,Gold,BR-99,ARM-1,2022-10-15,Agency,Direct,Raman-Raman,BP-943,Agent,Barkha Mandal,Motihari,RM-25,Gunbir Deep,Standard,1,5,Chatura Modi,Issued,Ujjain Branch,West Zone,Mango Office,North,Digital,2025-11-24 10:29:49.531939,24,Advisor,Jalna,333059,22325.1,3405.519999999997,0.0,0.0,0.0,Y,PAY-13362,Female,1987-08-19,krishasane@example.net,910157201859,CHPZF6263T,"17/647, Apte Path, Bhiwandi-178309",IWXDGBLY41T,,,,,"Teacher, music",Chhattisgarh,1,Offline,0.0,,,,,,STP,18919.58,CKYC-4722064241,2025-06-20,RM-29,Qasim Ravi,2025,6,super.admin@sentra.com
POL-2650315,PROP-52854477,AGT-9108,Renewal,Retail,Individual,2025-09-16,2026-09-16,1.0,2025,9,Banca,2025-09-16,Group Activ,PKG-1,MAX-4,26427.34,3815.36,2025-09-06,Base,26427.34,ACTIVE,1000000,2,9,,,2025-09-16,59,Online,Outstation,Tamilnad Mercantile Bank,RCPT-67037,Cleared,544107.0,TXN-2799033030,Approved,RM-70,BR-21,N,,YYGV1292087510293,,N,2025-09-16,2025-09-06,2025-09-16,,,Direct,26427.34,OPD Care,1500,,,,,,,,,,,,,,,,,,,SP-507,"Edwin, Chahal and Kunda",Senior Care,South,CUST-892810,Individual,Annual,Gold,BR-90,ARM-2,2023-11-28,Agency,Direct,Dash PLC,BP-792,Agent,Januja Garg,Mumbai,RM-37,Charita Batra,Standard,1,3,Sai Dey,Issued,Satara Branch,West Zone,Medininagar Office,East,Digital,2025-11-24 10:29:49.533145,24,Advisor,Navi Mumbai,303243,31184.26,4756.919999999998,0.0,0.0,0.0,Y,PAY-17590,Female,1982-10-31,jagratimall@example.org,9618446267,INEOU1462R,"89/26, Mutti Street, Nadiad-931418",VRNCGBVF,,,,,Medical laboratory scientific officer,Karnataka,1,Online,0.0,,,POL-OLD-777,2025-09-15,,NSTP,26427.34,CKYC-7636756590,2025-09-06,RM-27,Upkaar Mahal,2025,9,super.admin@sentra.com
POL-50621018,PROP-29826611,AGT-6757,Portability,Retail,Individual,2024-11-26,2025-11-26,1.0,2024,11,Banca,2024-11-26,Health Secure,PKG-3,MAX-2,40835.66,3297.45,2024-11-23,Base,0.0,ACTIVE,500000,3,11,,,2024-11-26,57,Online,Outstation,Jammu & Kashmir Bank,RCPT-998016,Cleared,110103.0,TXN-530443469,Approved,RM-24,BR-43,Y,,QXJS7185948491025,,Y,2024-11-26,2024-11-23,2024-11-26,,,Direct,40835.66,OPD Care,1500,,,,,,,,,,,,,,,,,,,SP-214,Golla-Pai,Senior Care,South,CUST-845241,Individual,Annual,Gold,BR-98,ARM-5,2023-11-11,Agency,Direct,"Rau, Sood and Datta",BP-836,Agent,Aditya Varghese,Cuttack,RM-4,Kritika Loke,Standard,1,4,Kamala Krish,Issued,Berhampore Branch,North Zone,Bahraich Office,East,Digital,2025-11-24 10:29:49.534097,24,Advisor,Bhind,468341,48186.08,7350.419999999998,0.0,0.0,0.0,Y,PAY-40063,Female,1970-07-04,gautam11@example.net,911290148706,GRRIS8277H,"30/68, Konda Path, Medininagar-283215",QLBNGB5Y,Portability,,,,"Doctor, hospital",Kerala,1,Offline,0.0,Nigam Ltd,,,,,NSTP,40835.66,CKYC-4801195339,2024-11-23,RM-10,Vasudha Memon,2024,11,super.admin@sentra.com
POL-299883,PROP-99056135,AGT-8649,New Business,Retail,Group,2025-02-27,2026-02-27,1.0,2025,2,Banca,2025-02-27,Health Secure,PKG-3,MAX-4,28407.53,893.36,2025-02-13,Comprehensive,0.0,CANCELLED,300000,2,2,Non-Payment,2025-03-29,2025-02-27,48,Online,Local,Karnataka Bank,RCPT-228026,Cleared,967894.0,TXN-2097088483,Approved,RM-60,BR-8,Y,,LATO5451052650167,,N,2025-02-27,2025-02-13,2025-02-27,,,Direct,28407.53,OPD Care,1500,,,,,,,,,,,,,,,,,,,SP-580,Chad PLC,Health Secure,North,CUST-539302,Individual,Annual,Gold,BR-33,ARM-4,2024-06-27,Agency,Direct,Dasgupta-Sura,BP-662,Agent,Nachiket Krishna,Nandyal,RM-39,Kavya Mistry,Standard,1,4,Priya Gopal,Issued,Moradabad Branch,East Zone,Bahraich Office,North,Digital,2025-11-24 10:29:49.535067,24,Advisor,Kolhapur,605313,33520.89,5113.360000000001,0.0,0.0,0.0,Y,PAY-37342,Male,1947-06-08,vsama@example.com,912374167872,IHGYB5686I,"03/05, Anand Marg, Nangloi Jat-471639",XQFHGBRH,,,,,General practice doctor,Tamil Nadu,1,Online,0.0,,,,,,STP,28407.53,CKYC-9652313518,2025-02-13,RM-28,Rushil Som,2025,2,super.admin@sentra.com
POL-13833135,PROP-94106082,AGT-4925,Renewal,Retail,Group,2025-08-08,2026-08-08,1.0,2025,8,Broker,2025-08-08,Super Topup,PKG-3,MAX-2,7365.04,2944.85,2025-07-25,Comprehensive,7365.04,ACTIVE,300000,4,8,,,2025-08-08,74,Cheque,Local,Yes Bank,RCPT-640785,Cleared,189989.0,TXN-638773733,Approved,RM-1,BR-21,Y,,DEMB4326093106684,,Y,2025-08-08,2025-07-25,2025-08-08,,,Direct,7365.04,OPD Care,1500,,,,,,,,,,,,,,,,,,,SP-148,"Kashyap, Kapadia and Nayar",Group Activ,West,CUST-446772,Individual,Annual,Gold,BR-43,ARM-2,2022-10-24,Agency,Direct,"Sane, Behl and Modi",BP-703,Agent,Amruta Patla,Etawah,RM-27,Yatin Nagarajan,Standard,1,2,Qabil Baria,Issued,Faridabad Branch,North Zone,Rajpur Sonarpur Office,East,Digital,2025-11-24 10:29:49.535991,24,Advisor,Chittoor,916247,8690.75,1325.71,0.0,0.0,0.0,Y,PAY-47655,Male,1965-12-15,chatterjeeagastya@example.net,2555989534,GIOVM3961H,"711, Oza Circle, Bhalswa Jahangir Pur 820236",YRLLGB2H1E4,,,,,Personnel officer,Mizoram,1,Online,0.0,,,POL-OLD-493,2025-08-07,,STP,7365.04,CKYC-93951990,2025-07-25,RM-39,Kai Mann,2025,8,super.admin@sentra.com
POL-75990691,PROP-8159550,AGT-2259,New Business,Retail,Individual,2024-12-09,2025-12-09,1.0,2024,12,Agency,2024-12-09,Super Topup,PKG-1,MAX-3,42825.08,616.87,2024-12-08,Comprehensive,0.0,ACTIVE,500000,4,12,,,2024-12-09,65,Cheque,Local,Axis Bank,RCPT-776696,Cleared,854100.0,TXN-6002190272,Approved,RM-40,BR-30,N,,VRQC2786866943202,,Y,2024-12-09,2024-12-08,2024-12-09,,,Direct,42825.08,OPD Care,1500,,,,,,,,,,,,,,,,,,,SP-792,"Kamdar, Andra and Varghese",Super Topup,West,CUST-477564,Individual,Annual,Gold,BR-72,ARM-2,2022-11-29,Agency,Direct,"Vohra, Lad and Mitter",BP-352,Agent,Chaman Loyal,Tirunelveli,RM-19,Chakradev Walla,Standard,1,1,Bishakha Baral,Issued,Alwar Branch,South Zone,Gopalpur Office,East,Digital,2025-11-24 10:29:49.536898,24,Advisor,Kulti,810595,50533.59,7708.509999999995,0.0,0.0,0.0,Y,PAY-42540,Female,1950-02-21,kiaan69@example.com,53424089,JNCOU1649R,"736, Divan Path, Tiruchirappalli-272239",XFUJGBBTKLZ,,,,,Translator,Gujarat,1,Offline,0.0,,,,,,NSTP,42825.08,CKYC-298303177,2024-12-08,RM-40,Pooja Korpal,2024,12,super.admin@sentra.com
POL-86586373,PROP-54023212,AGT-1196,Portability,Retail,Individual,2025-05-08,2026-05-08,1.0,2025,5,Banca,2025-05-08,Group Activ,PKG-4,MAX-4,44846.29,3404.59,2025-04-27,Comprehensive,0.0,ACTIVE,1000000,3,5,,,2025-05-08,33,Cheque,Local,Indian Overseas Bank,RCPT-759490,Cleared,552367.0,TXN-9179596212,Approved,RM-48,BR-6,N,,YZAT1660100231429,,Y,2025-05-08,2025-04-27,2025-05-08,,,Direct,44846.29,OPD Care,1500,,,,,,,,,,,,,,,,,,,SP-525,Andra Inc,Group Activ,East,CUST-568716,Individual,Annual,Gold,BR-54,ARM-1,2023-11-03,Agency,Direct,Chada-Jain,BP-139,Agent,Varsha Sawhney,Aizawl,RM-3,Varenya Dubey,Standard,1,5,Daksh Loke,Issued,Jaipur Branch,South Zone,Kota Office,South,Digital,2025-11-24 10:29:49.537820,24,Advisor,Kota,203036,52918.62,8072.330000000002,0.0,0.0,0.0,Y,PAY-50512,Male,1954-03-08,upkaar61@example.com,911314519515,LBHVM1092L,"49/451, Tata Road, Bilaspur-022526",XZZPGBEH1RJ,Portability,,,,Chemical engineer,Karnataka,1,Online,0.0,Gopal Group,,,,,STP,44846.29,CKYC-5809410371,2025-04-27,RM-2,Panini Srivastava,2025,5,super.admin@sentra.com
POL-55558669,PROP-80764593,AGT-4864,Portability,Retail,Individual,2025-08-03,2026-08-03,1.0,2025,8,Broker,2025-08-03,Health Secure,PKG-3,MAX-3,12059.46,761.38,2025-08-02,Base,0.0,ACTIVE,500000,3,8,,,2025-08-03,75,DD,Outstation,IDBI Bank,RCPT-144935,Cleared,,TXN-5351134654,Approved,RM-78,BR-26,N,,NRPR8788361968931,,Y,2025-08-03,2025-08-02,2025-08-03,,,Direct,12059.46,OPD Care,1500,,,,,,,,,,,,,,,,,,,SP-359,Pathak Inc,Health Secure,East,CUST-213154,Individual,Annual,Gold,BR-37,ARM-2,2024-11-14,Agency,Direct,Patil PLC,BP-707,Agent,Kiaan Choudhary,Karnal,RM-33,Liam Menon,Standard,1,5,Maanas Sama,Issued,Bhagalpur Branch,East Zone,Pimpri-Chinchwad Office,West,Digital,2025-11-24 10:29:49.538794,24,Advisor,Kochi,606501,14230.16,2170.7000000000007,0.0,0.0,0.0,Y,PAY-86867,Male,1981-07-15,bdugar@example.org,2131096227,AUVCY2847P,"H.No. 200, Ghose, Hyderabad 678498",WHNFGBRF7YI,Portability,,,,"Engineer, mining",Madhya Pradesh,1,Online,0.0,"Bhalla, Kanda and Ramanathan",,,,,STP,12059.46,CKYC-3615129784,2025-08-02,RM-39,Vansha Munshi,2025,8,super.admin@sentra.com
POL-54371584,PROP-51065827,AGT-4461,Renewal,Retail,Floater,2025-07-19,2026-07-19,1.0,2025,7,Digital,2025-07-19,Senior Care,PKG-5,MAX-5,42144.27,4934.9,2025-07-10,Comprehensive,42144.27,ACTIVE,500000,4,7,,,2025-07-19,41,DD,Local,UCO Bank,RCPT-57327,Cleared,842362.0,TXN-1822019158,Approved,RM-88,BR-34,Y,,IDDC5950342811390,,N,2025-07-19,2025-07-10,2025-07-19,,,Direct,42144.27,OPD Care,1500,,,,,,,,,,,,,,,,,,,SP-297,Guha-Jaggi,Health Secure,North,CUST-669399,Individual,Annual,Gold,BR-24,ARM-4,2024-08-11,Agency,Direct,Luthra Inc,BP-868,Agent,Veda Bath,Satna,RM-39,Dayamai Anand,Standard,1,1,Barkha Rao,Issued,Satna Branch,West Zone,Raurkela Industrial Township Office,North,Digital,2025-11-24 10:29:49.539762,24,Advisor,Jalandhar,681820,49730.24,7585.970000000001,0.0,0.0,0.0,Y,PAY-76962,Female,1995-01-18,sbarad@example.org,917113322889,VSXNB8572C,"991, Tank Street, Kanpur-481717",FJFCGBRXWFE,,,,,Editorial assistant,Tamil Nadu,1,Offline,0.0,,,POL-OLD-813,2025-07-18,,NSTP,42144.27,CKYC-7610426538,2025-07-10,RM-29,Urvashi Kunda,2025,7,super.admin@sentra.com
POL-59330327,PROP-87280725,AGT-5558,New Business,Retail,Floater,2025-08-29,2026-08-29,1.0,2025,8,Banca,2025-08-29,Super Topup,PKG-5,MAX-4,11213.1,430.64,2025-08-16,Comprehensive,0.0,CANCELLED,1000000,1,8,Non-Payment,2025-09-28,2025-08-29,69,CC,Outstation,Punjab and Sind Bank,RCPT-985482,Cleared,,TXN-6737658873,Approved,RM-17,BR-47,N,,BLJM6927589551687,,N,2025-08-29,2025-08-16,2025-08-29,,,Direct,11213.1,OPD Care,1500,,,,,,,,,,,,,,,,,,,SP-102,Basak-Bhandari,Senior Care,North,CUST-777039,Individual,Annual,Gold,BR-56,ARM-4,2024-01-22,Agency,Direct,"Anand, Dubey and Cheema",BP-252,Agent,Keya Dutt,Srinagar,RM-50,Lipika Shere,Standard,1,2,Ikshita Shukla,Issued,Deoghar Branch,South Zone,Moradabad Office,South,Digital,2025-11-24 10:29:49.540672,24,Advisor,Bokaro,663651,13231.46,2018.3599999999988,0.0,0.0,0.0,Y,PAY-41587,Male,1966-06-21,skala@example.net,1470827235,DZXYB9096E,"064, Goda Road, Ajmer-461476",VIFBGBF1,,,,,"Lighting technician, broadcasting/film/video",Tripura,1,Offline,0.0,,,,,,NSTP,11213.1,CKYC-1275197185,2025-08-16,RM-16,Ikshita Saini,2025,8,super.admin@sentra.com
POL-71874437,PROP-92453263,AGT-7140,Renewal,Retail,Individual,2025-05-18,2026-05-18,1.0,2025,5,Agency,2025-05-18,Super Topup,PKG-5,MAX-2,39371.24,1410.07,2025-05-07,Comprehensive,39371.24,ACTIVE,1000000,3,5,,,2025-05-18,44,Online,Local,UCO Bank,RCPT-730532,Cleared,458001.0,TXN-8632590108,Approved,RM-86,BR-10,N,,ZTGC9925502727516,,N,2025-05-18,2025-05-07,2025-05-18,,,Direct,39371.24,OPD Care,1500,,,,,,,,,,,,,,,,,,,SP-511,Verma-Aggarwal,Senior Care,North,CUST-472445,Individual,Annual,Gold,BR-19,ARM-3,2024-09-01,Agency,Direct,Sengupta Ltd,BP-290,Agent,Balhaar Kamdar,Bidar,RM-44,Krishna Kalita,Standard,1,3,Shaurya Halder,Issued,Uluberia Branch,West Zone,Pune Office,West,Digital,2025-11-24 10:29:49.541580,24,Advisor,Aizawl,776655,46458.06,7086.82,0.0,0.0,0.0,Y,PAY-71102,Male,1971-09-22,ishaan27@example.com,2892866464,FPBNA9111G,"78/904, Kakar Marg, Malda-137157",UWZXGBZAXO6,,,,,Herpetologist,Himachal Pradesh,1,Offline,0.0,,,POL-OLD-294,2025-05-17,,STP,39371.24,CKYC-5430982163,2025-05-07,RM-16,Wyatt Agrawal,2025,5,super.admin@sentra.com
POL-55640853,PROP-4385512,AGT-1093,Portability,Retail,Individual,2025-10-18,2026-10-18,1.0,2025,10,Broker,2025-10-18,Health Secure,PKG-5,MAX-2,34419.38,89.18,2025-10-05,Comprehensive,0.0,ACTIVE,1000000,3,10,,,2025-10-18,62,DD,Local,Bank of Baroda,RCPT-27521,Cleared,,TXN-6871714360,Approved,RM-9,BR-43,Y,,KFSN3863960962626,,Y,2025-10-18,2025-10-05,2025-10-18,,,Direct,34419.38,OPD Care,1500,,,,,,,,,,,,,,,,,,,SP-708,Varughese-Dutt,Senior Care,North,CUST-458648,Individual,Annual,Gold,BR-51,ARM-5,2021-10-26,Agency,Direct,"Date, Thaman and Dani",BP-985,Agent,Abha Dutt,Kurnool,RM-26,Girik Bal,Standard,1,5,Advay Dua,Issued,Tadipatri Branch,South Zone,Aurangabad Office,South,Digital,2025-11-24 10:29:49.542554,24,Advisor,Nagpur,752334,40614.87,6195.490000000005,0.0,0.0,0.0,Y,PAY-25405,Male,1978-08-17,kritikalad@example.net,914120911791,LFEFX1244N,"06, Sur Zila, Bhagalpur-657224",FVSUGBCH,Portability,,,,Lobbyist,Kerala,1,Offline,0.0,Ahluwalia-Dutt,,,,,NSTP,34419.38,CKYC-522240599,2025-10-05,RM-24,Arin Vasa,2025,10,super.admin@sentra.com
POL-20447536,PROP-29032170,AGT-3648,Renewal,Retail,Floater,2025-05-29,2026-05-29,1.0,2025,5,Banca,2025-05-29,Super Topup,PKG-2,MAX-3,25929.67,1131.81,2025-05-24,Base,25929.67,ACTIVE,500000,4,5,,,2025-05-29,62,Online,Outstation,IndusInd Bank,RCPT-120364,Cleared,942221.0,TXN-931826598,Approved,RM-46,BR-43,N,,KEHC2447315847768,,Y,2025-05-29,2025-05-24,2025-05-29,,,Direct,25929.67,OPD Care,1500,,,,,,,,,,,,,,,,,,,SP-170,Hans-Krishna,Health Secure,South,CUST-181361,Individual,Annual,Gold,BR-21,ARM-3,2021-09-08,Agency,Direct,"Mand, Ramaswamy and Chauhan",BP-862,Agent,Noah Jha,Bhiwani,RM-20,Pallavi Magar,Standard,1,3,Hritik Rajagopal,Issued,Kollam Branch,North Zone,Dindigul Office,East,Digital,2025-11-24 10:29:49.543463,24,Advisor,Hospet,84964,30597.01,4667.34,0.0,0.0,0.0,Y,PAY-79152,Male,1996-12-23,mitali01@example.org,6253135525,TVNDK1050Y,"16/49, Vyas Ganj, Kota 919665",GGBZGB55CR0,,,,,Communications engineer,Bihar,1,Offline,0.0,,,POL-OLD-989,2025-05-28,,NSTP,25929.67,CKYC-1944697243,2025-05-24,RM-23,Leela Khalsa,2025,5,super.admin@sentra.com
POL-38257007,PROP-2393947,AGT-8944,New Business,Retail,Floater,2025-06-21,2026-06-21,1.0,2025,6,Digital,2025-06-21,Super Topup,PKG-3,MAX-2,18448.96,3175.89,2025-06-08,Comprehensive,0.0,ACTIVE,500000,4,6,,,2025-06-21,47,CC,Local,Bank of Baroda,RCPT-955927,Cleared,,TXN-6278262300,Approved,RM-47,BR-6,N,,EMBR8050171644556,,N,2025-06-21,2025-06-08,2025-06-21,,,Direct,18448.96,OPD Care,1500,,,,,,,,,,,,,,,,,,,SP-918,Munshi Group,Group Activ,East,CUST-642064,Individual,Annual,Gold,BR-58,ARM-1,2021-01-30,Agency,Direct,Sha-Tak,BP-873,Agent,Kashvi Chauhan,Rajahmundry,RM-19,Advaith Dewan,Standard,1,4,Ekantika Sarin,Issued,Tirunelveli Branch,West Zone,Jhansi Office,East,Digital,2025-11-24 10:29:49.544340,24,Advisor,Siwan,40104,21769.77,3320.8100000000013,0.0,0.0,0.0,Y,PAY-9835,Male,1961-07-06,smadan@example.org,919712529671,EQFRU8839X,"H.No. 441, Kibe Path, Solapur-703037",GPDKGBN76UT,,,,,Professor Emeritus,Rajasthan,1,Online,0.0,,,,,,STP,18448.96,CKYC-2166860023,2025-06-08,RM-20,Theodore Patla,2025,6,super.admin@sentra.com
POL-60724380,PROP-83279154,AGT-2635,Renewal,Retail,Floater,2025-04-13,2026-04-13,1.0,2025,4,Broker,2025-04-13,Super Topup,PKG-1,MAX-1,42073.43,2564.41,2025-04-08,Base,42073.43,ACTIVE,1000000,4,4,,,2025-04-13,21,DD,Outstation,Yes Bank,RCPT-212882,Cleared,,TXN-7645132254,Approved,RM-82,BR-12,Y,,GCIN2491271130724,,N,2025-04-13,2025-04-08,2025-04-13,,,Direct,42073.43,OPD Care,1500,,,,,,,,,,,,,,,,,,,SP-882,Soni Ltd,Health Secure,South,CUST-556673,Individual,Annual,Gold,BR-10,ARM-3,2022-09-15,Agency,Direct,Dani-Chad,BP-126,Agent,Raagini Kala,Sikar,RM-25,Yashoda Nath,Standard,1,5,Ridhi Mahajan,Issued,Navi Mumbai Branch,South Zone,Eluru Office,South,Digital,2025-11-24 10:29:49.545246,24,Advisor,Jammu,362948,49646.65,7573.220000000001,0.0,0.0,0.0,Y,PAY-79619,Male,1975-12-30,rchopra@example.org,3131009431,NSTZZ8143Z,"47/323, Mani Path, Delhi 289743",KVCFGBLV,,,,,"Programmer, applications",Chhattisgarh,1,Online,0.0,,,POL-OLD-184,2025-04-12,,STP,42073.43,CKYC-4132802357,2025-04-08,RM-9,Priya Natt,2025,4,super.admin@sentra.com
